step,system_total_stopped,system_total_waiting_time,system_mean_waiting_time,system_mean_speed,system_cars_present,system_accumulated_waiting_time (100),system_accumulated_mean_waiting_time (100),system_accumulated_waiting_time (delta),system_accumulated_mean_waiting_time (delta),agents_total_stopped,agents_total_accumulated_waiting_time (100),agents_total_accumulated_waiting_time (delta),agents_mean_speed,agents_mean_waiting_time (100),agents_mean_waiting_time (delta),agents_cars_present,Ing1_1_stopped,Ing1_1_accumulated_waiting_time,Ing1_1_average_speed
16.0,0,0.0,0.0,7.002711552449355,6,0.0,0.0,0.0,0.0,0,0.0,0.0,7.318532490656918,0.0,0.0,3,0,0.0,0.5674929920561134
24.0,1,0.0,0.0,8.579877599341803,10,0.0,0.0,0.0,0.0,0,0.0,0.0,8.643658443887148,0.0,0.0,3,0,0.0,0.6660130455307631
32.0,0,0.0,0.0,9.44764301179365,14,0.0,0.0,0.0,0.0,0,0.0,0.0,8.770082045065923,0.0,0.0,4,0,0.0,0.6541948326568537
40.0,2,2.0,0.1176470588235294,8.28400403051628,17,2.0,0.1176470588235294,2.0,0.1176470588235294,2,2.0,2.0,6.632040934767598,0.1818181818181818,0.1818181818181818,11,2,2.0,0.4709659771364386
48.0,5,24.0,1.3333333333333333,5.490272399106675,18,24.0,1.3333333333333333,22.0,1.2222222222222223,5,24.0,22.0,4.471600590331635,1.6,1.6,15,5,24.0,0.3212218843329161
56.0,5,25.0,1.1363636363636365,6.577559719966074,22,66.0,3.0,42.0,1.9090909090909087,5,27.0,3.0,5.190870225441481,1.8,1.8,15,5,27.0,0.3697383261391971
64.0,1,1.0,0.0416666666666666,9.284383721087092,24,82.0,3.4166666666666665,16.0,0.6666666666666666,0,12.0,0.0,8.139085126487615,1.3333333333333333,1.3333333333333333,9,0,12.0,0.598532183127304
72.0,1,2.0,0.0869565217391304,9.119470119947088,23,60.0,2.608695652173913,0.0,0.0,1,5.0,0.0,7.525379262579783,0.4166666666666667,0.4166666666666667,12,1,5.0,0.5517962967347594
80.0,3,1.0,0.0454545454545454,6.978632777069489,22,17.0,0.7727272727272727,0.0,0.0,3,4.0,0.0,4.487644369611666,0.3636363636363636,0.3636363636363636,11,3,4.0,0.3266815782854168
88.0,8,11.0,0.4782608695652174,5.707665014117068,23,28.0,1.2173913043478262,11.0,0.4782608695652174,8,17.0,13.0,3.064110623396385,1.0,1.0,17,8,17.0,0.2216892673833789
96.0,8,30.0,1.3636363636363635,3.0977742219898854,22,74.0,3.363636363636364,46.0,2.090909090909091,8,52.0,35.0,2.1759016171736074,2.736842105263158,2.736842105263158,19,8,52.0,0.1509437846690411
104.0,1,1.0,0.0384615384615384,5.625608328235166,26,94.0,3.615384615384616,20.0,0.7692307692307693,0,29.0,0.0,3.827447060375945,1.8125,1.8125,16,0,29.0,0.2826143113104948
112.0,1,0.0,0.0,6.276321420167012,26,81.0,3.1153846153846154,0.0,0.0,1,21.0,0.0,3.7493292057435754,1.2352941176470589,1.2352941176470589,17,1,21.0,0.2819235284958387
120.0,1,7.0,0.28,5.573272886959428,25,42.0,1.68,0.0,0.0,1,24.0,3.0,4.237847235943977,1.263157894736842,1.263157894736842,19,1,24.0,0.3084234705150068
128.0,3,4.0,0.16,4.827625043404733,25,36.0,1.44,0.0,0.0,1,10.0,0.0,2.1854459476509485,0.7142857142857143,0.7142857142857143,14,1,10.0,0.1574002269357781
136.0,2,4.0,0.1666666666666666,4.750277001883997,24,42.0,1.75,6.0,0.25,0,13.0,3.0,2.075456918527568,0.9285714285714286,0.9285714285714286,14,0,13.0,0.1544822640831687
144.0,4,10.0,0.3703703703703703,4.355102459903842,27,40.0,1.4814814814814814,0.0,0.0,2,22.0,9.0,2.153902686990093,1.375,1.375,16,2,22.0,0.1485056127138052
152.0,2,3.0,0.1071428571428571,6.092180898361428,28,46.0,1.6428571428571428,6.0,0.2142857142857142,2,22.0,0.0,2.4683898778186038,1.2941176470588236,1.2941176470588236,17,2,22.0,0.1734660931975463
160.0,3,4.0,0.1538461538461538,5.26008736549726,26,57.0,2.1923076923076925,11.0,0.4230769230769231,3,24.0,2.0,2.713303842261149,1.3333333333333333,1.3333333333333333,18,3,24.0,0.182123178639593
168.0,3,7.0,0.2692307692307692,5.230298331801819,26,57.0,2.1923076923076925,0.0,0.0,3,25.0,1.0,2.01455911416346,1.3888888888888888,1.3888888888888888,18,3,25.0,0.146215752155096
176.0,4,31.0,1.55,5.560480799296118,20,57.0,2.85,0.0,0.0,4,37.0,12.0,2.9573149508983536,2.642857142857143,2.642857142857143,14,4,37.0,0.2142679195289044
184.0,6,36.0,2.25,4.823174054327085,16,72.0,4.5,15.0,0.9375,6,42.0,5.0,2.9572274262486222,3.5,3.5,12,6,42.0,0.225957641327961
192.0,3,8.0,0.5333333333333333,4.706357705161301,15,91.0,6.066666666666666,19.0,1.2666666666666666,3,31.0,0.0,2.106545926528381,3.4444444444444446,3.4444444444444446,9,3,31.0,0.1492162127642388
200.0,0,0.0,0.0,5.720232652550766,14,93.0,6.642857142857143,2.0,0.1428571428571428,0,32.0,1.0,2.3021875347698297,4.0,4.0,8,0,32.0,0.1701703451857412
208.0,1,0.0,0.0,8.105001561215216,11,52.0,4.727272727272728,0.0,0.0,1,13.0,0.0,4.535928106001656,2.1666666666666665,2.1666666666666665,6,1,13.0,0.3443385751736307
216.0,0,0.0,0.0,8.303827370522562,10,13.0,1.3,0.0,0.0,0,0.0,0.0,7.499509352118686,0.0,0.0,4,0,0.0,0.5411497739373363
224.0,0,0.0,0.0,7.897497513963903,10,6.0,0.6,0.0,0.0,0,0.0,0.0,6.478242334143121,0.0,0.0,3,0,0.0,0.473353307932962
232.0,1,2.0,0.2,10.100712800979515,10,5.0,0.5,0.0,0.0,1,2.0,2.0,7.189805400597679,0.4,0.4,5,1,2.0,0.5287573381552587
240.0,0,0.0,0.0,7.906789313404902,10,7.0,0.7,2.0,0.2,0,0.0,0.0,7.734282929782755,0.0,0.0,4,0,0.0,0.5650953293884843
248.0,1,0.0,0.0,8.631938740527717,12,7.0,0.5833333333333334,0.0,0.0,1,0.0,0.0,5.179640374790804,0.0,0.0,6,1,0.0,0.4053518093422532
256.0,0,0.0,0.0,7.091539928912768,8,7.0,0.875,0.0,0.0,0,0.0,0.0,6.775994347408414,0.0,0.0,2,0,0.0,0.4652597494167564
264.0,0,0.0,0.0,8.455454630252214,11,18.0,1.6363636363636365,11.0,1.0,0,0.0,0.0,7.405481539189349,0.0,0.0,2,0,0.0,0.6557539097694098
272.0,0,0.0,0.0,10.559927709521444,9,15.0,1.6666666666666667,0.0,0.0,0,0.0,0.0,11.729442419697182,0.0,0.0,4,0,0.0,0.886444051479887
280.0,0,0.0,0.0,8.437163510488052,7,0.0,0.0,0.0,0.0,0,0.0,0.0,4.587634262257033,0.0,0.0,1,0,0.0,0.3363870542681208
288.0,0,0.0,0.0,9.949358425143672,7,1.0,0.1428571428571428,1.0,0.1428571428571428,0,0.0,0.0,3.006905954726972,0.0,0.0,1,0,0.0,0.2227840202691078
296.0,0,0.0,0.0,7.911151189898417,4,1.0,0.25,0.0,0.0,0,0.0,0.0,6.835313937853235,0.0,0.0,2,0,0.0,0.5067599758580542
304.0,1,6.0,1.0,6.161915145831983,6,6.0,1.0,5.0,0.8333333333333334,1,6.0,6.0,5.844689154840308,1.5,1.5,4,1,6.0,0.4308587916849812
312.0,1,1.0,0.1666666666666666,7.379443548475102,6,10.0,1.6666666666666667,4.0,0.6666666666666666,1,1.0,0.0,7.625562030768504,0.25,0.25,4,1,1.0,0.543992474564545
320.0,0,0.0,0.0,9.243573090827391,8,15.0,1.875,5.0,0.625,0,0.0,0.0,10.971672668194191,0.0,0.0,2,0,0.0,0.783750986203609
336.0,1,0.0,0.0,9.510300242270503,4,0.0,0.0,0.0,0.0,1,0.0,0.0,6.782549054592085,0.0,0.0,2,1,0.0,0.4641045486198352
344.0,1,0.0,0.0,6.790728739384768,4,0.0,0.0,0.0,0.0,1,0.0,0.0,0.8549072064226493,0.0,0.0,2,1,0.0,0.0550801509952057
352.0,0,0.0,0.0,8.179474894808882,5,0.0,0.0,0.0,0.0,0,0.0,0.0,8.361429511537233,0.0,0.0,2,0,0.0,0.5512014221089386
360.0,1,0.0,0.0,7.481961848632639,5,0.0,0.0,0.0,0.0,1,0.0,0.0,0.0,0.0,0.0,1,1,0.0,0.0
376.0,0,0.0,0.0,7.647399162052569,11,0.0,0.0,0.0,0.0,0,0.0,0.0,4.911935168737545,0.0,0.0,2,0,0.0,0.3744093363364335
384.0,2,6.0,0.4,6.368719707416209,15,6.0,0.4,6.0,0.4,1,6.0,6.0,0.0,6.0,6.0,1,1,6.0,0.0
392.0,2,21.0,1.6153846153846154,6.160222468619106,13,21.0,1.6153846153846154,15.0,1.1538461538461535,1,14.0,8.0,5.878790522869963,7.0,7.0,2,1,14.0,0.4994271578698404
400.0,1,0.0,0.0,5.507033816036068,12,36.0,3.0,15.0,1.25,0,11.0,0.0,8.384970347855814,3.6666666666666665,3.6666666666666665,3,0,11.0,0.6668328431750462
408.0,2,6.0,0.4285714285714285,5.295613843348988,14,44.0,3.142857142857143,8.0,0.5714285714285714,2,14.0,3.0,2.9796714987192483,4.666666666666667,4.666666666666667,3,2,14.0,0.2256250740898398
416.0,1,4.0,0.3076923076923077,5.593971921044311,13,32.0,2.4615384615384617,0.0,0.0,1,4.0,0.0,4.304243603551499,2.0,2.0,2,1,4.0,0.2802616500944475
424.0,2,0.0,0.0,6.927758463353956,17,29.0,1.7058823529411764,0.0,0.0,1,0.0,0.0,5.394724912537899,0.0,0.0,3,1,0.0,0.3631383000354504
432.0,1,0.0,0.0,6.593444938404895,15,7.0,0.4666666666666667,0.0,0.0,1,0.0,0.0,5.336630956064697,0.0,0.0,5,1,0.0,0.3792914421297449
440.0,0,0.0,0.0,6.9613199278766205,15,3.0,0.2,0.0,0.0,0,0.0,0.0,9.8495452853851,0.0,0.0,1,0,0.0,0.7701084614545647
448.0,2,3.0,0.2,8.142119954636497,15,7.0,0.4666666666666667,4.0,0.2666666666666666,1,2.0,2.0,5.432378751909502,1.0,1.0,2,1,2.0,0.3836445238840607
456.0,3,16.0,2.0,3.523502037938624,8,27.0,3.375,20.0,2.5,1,10.0,8.0,0.0,10.0,10.0,1,1,10.0,0.0
464.0,6,27.0,2.25,4.20257517964524,12,38.0,3.1666666666666665,11.0,0.9166666666666666,2,18.0,8.0,4.812734473073007,3.6,3.6,5,2,18.0,0.3377382197573477
472.0,3,6.0,0.3529411764705882,4.868785374596072,17,50.0,2.9411764705882355,12.0,0.7058823529411765,2,6.0,0.0,3.039797109760068,1.0,1.0,6,2,6.0,0.1995676678222213
480.0,3,7.0,0.4117647058823529,6.046995143538437,17,52.0,3.0588235294117645,2.0,0.1176470588235294,2,5.0,0.0,5.084672219535898,1.0,1.0,5,2,5.0,0.4196563269433896
488.0,2,5.0,0.2941176470588235,6.617668485270037,17,48.0,2.823529411764706,0.0,0.0,2,5.0,0.0,2.1670759600088725,1.25,1.25,4,2,5.0,0.1924016928442058
496.0,1,4.0,0.3076923076923077,5.990943762556317,13,32.0,2.4615384615384617,0.0,0.0,1,9.0,4.0,4.876081663172226,4.5,4.5,2,1,9.0,0.3376396085444469
504.0,3,5.0,0.3333333333333333,5.951591198832065,15,28.0,1.8666666666666667,0.0,0.0,1,3.0,0.0,4.422947812008033,0.75,0.75,4,1,3.0,0.3002474641932748
512.0,0,0.0,0.0,8.151967908649777,13,23.0,1.7692307692307692,0.0,0.0,0,0.0,0.0,10.3712986570985,0.0,0.0,1,0,0.0,0.6632690549989196
520.0,0,0.0,0.0,9.81538368801418,12,7.0,0.5833333333333334,0.0,0.0,0,0.0,0.0,4.933973729261197,0.0,0.0,1,0,0.0,0.3353590150041441
528.0,1,1.0,0.1111111111111111,3.359984178152393,9,1.0,0.1111111111111111,0.0,0.0,1,1.0,1.0,0.0964753553052347,1.0,1.0,1,1,1.0,0.0065573677329212
536.0,1,0.0,0.0,6.080139137734903,14,4.0,0.2857142857142857,3.0,0.2142857142857142,0,0.0,0.0,11.346069501014426,0.0,0.0,1,0,0.0,0.7348143223815414
544.0,0,0.0,0.0,6.117020727862041,16,5.0,0.3125,1.0,0.0625,0,0.0,0.0,3.217146244230289,0.0,0.0,1,0,0.0,0.2083545440335122
552.0,1,0.0,0.0,5.326913374408664,15,2.0,0.1333333333333333,0.0,0.0,1,0.0,0.0,2.5288858959916976,0.0,0.0,2,1,0.0,0.1862809977220357
560.0,2,2.0,0.1176470588235294,4.046347908112518,17,2.0,0.1176470588235294,0.0,0.0,1,2.0,2.0,3.410150755924725,0.5,0.5,4,1,2.0,0.2472297441469088
568.0,5,24.0,1.0909090909090908,4.059148481541328,22,24.0,1.0909090909090908,22.0,1.0,5,24.0,22.0,1.1793429244828393,3.4285714285714284,3.4285714285714284,7,5,24.0,0.0816723388721779
576.0,6,69.0,3.0,3.836053204311327,23,72.0,3.130434782608696,48.0,2.0869565217391304,6,69.0,45.0,2.131455598800166,7.666666666666667,7.666666666666667,9,6,69.0,0.1664982608451316
584.0,8,124.0,5.166666666666667,3.276369112763262,24,124.0,5.166666666666667,52.0,2.1666666666666665,8,124.0,55.0,0.8674461522872822,11.272727272727272,11.272727272727272,11,8,124.0,0.0585521441793535
592.0,14,210.0,9.130434782608695,1.458745959498661,23,222.0,9.652173913043478,98.0,4.260869565217392,13,208.0,84.0,0.0057013485028548,16.0,16.0,13,13,208.0,0.0003606750414442
600.0,4,35.0,1.6666666666666667,4.533568185772121,21,300.0,14.285714285714286,78.0,3.7142857142857135,4,156.0,0.0,1.414222256015825,15.6,15.6,10,4,156.0,0.098307056135671
608.0,5,25.0,1.0869565217391304,7.997745872003726,23,315.0,13.695652173913045,15.0,0.6521739130434783,2,25.0,0.0,4.067299415652677,5.0,5.0,5,2,25.0,0.2713940645265748
616.0,6,72.0,4.235294117647059,7.389719059760902,17,158.0,9.294117647058824,0.0,0.0,2,40.0,15.0,2.9575197298623004,13.333333333333334,13.333333333333334,3,2,40.0,0.24377022345284
624.0,2,15.0,1.25,5.575309646836023,12,112.0,9.333333333333334,0.0,0.0,1,18.0,0.0,5.74114822232915,4.5,4.5,4,1,18.0,0.4441714562698398
632.0,1,6.0,0.4615384615384615,8.477476403587701,13,118.0,9.076923076923077,6.0,0.4615384615384615,1,39.0,21.0,6.9336925389575965,6.5,6.5,6,1,39.0,0.5155552174758393
640.0,1,2.0,0.1428571428571428,5.942931128925474,14,48.0,3.4285714285714284,0.0,0.0,1,2.0,0.0,5.297711220213,0.25,0.25,8,1,2.0,0.3619091309290796
648.0,4,7.0,0.3333333333333333,7.805408339968141,21,61.0,2.9047619047619047,13.0,0.6190476190476191,2,0.0,0.0,7.223772257781556,0.0,0.0,10,2,0.0,0.5082910345585108
656.0,4,10.0,0.4347826086956521,7.85351632404006,23,38.0,1.6521739130434785,0.0,0.0,4,10.0,10.0,5.476949891911841,0.8333333333333334,0.8333333333333334,12,4,10.0,0.4105609129020782
664.0,2,6.0,0.3,7.799415624694828,20,53.0,2.65,15.0,0.75,2,26.0,16.0,5.250755106265879,2.888888888888889,2.888888888888889,9,2,26.0,0.3908810945606533
672.0,4,24.0,1.0434782608695652,10.220955943846342,23,71.0,3.0869565217391304,18.0,0.782608695652174,2,42.0,16.0,7.027971855704094,7.0,7.0,6,2,42.0,0.5084965445829543
680.0,2,5.0,0.3333333333333333,6.725801605723829,15,62.0,4.133333333333334,0.0,0.0,2,11.0,0.0,5.258160069272488,1.375,1.375,8,2,11.0,0.3830142845454808
688.0,4,8.0,0.5,7.7982584261778225,16,79.0,4.9375,17.0,1.0625,3,15.0,4.0,6.40365120542364,1.875,1.875,8,3,15.0,0.4487923228686283
696.0,3,10.0,0.625,7.572174972189441,16,52.0,3.25,0.0,0.0,3,10.0,0.0,5.223293057510293,1.1111111111111112,1.1111111111111112,9,3,10.0,0.3673058080860769
704.0,8,44.0,2.3157894736842106,4.9751829096201,19,73.0,3.842105263157895,21.0,1.105263157894737,8,44.0,34.0,3.584779881369764,2.933333333333333,2.933333333333333,15,8,44.0,0.2721463367274457
712.0,3,15.0,0.6818181818181818,5.285144476365994,22,86.0,3.909090909090909,13.0,0.5909090909090909,3,34.0,0.0,4.4807163182879854,2.125,2.125,16,3,34.0,0.3231745866676367
720.0,1,0.0,0.0,9.854181949421706,28,101.0,3.607142857142857,15.0,0.5357142857142857,0,2.0,0.0,8.421594705410872,0.25,0.25,8,0,2.0,0.6061903021539615
728.0,4,7.0,0.2692307692307692,9.03552077460669,26,39.0,1.5,0.0,0.0,3,9.0,7.0,5.668219831002187,1.125,1.125,8,3,9.0,0.4045007436006166
736.0,5,28.0,1.4,6.320328053142653,20,30.0,1.5,0.0,0.0,4,30.0,21.0,4.586525749818622,2.3076923076923075,2.3076923076923075,13,4,30.0,0.3265192839135714
744.0,0,0.0,0.0,8.234914967767423,24,60.0,2.5,30.0,1.25,0,13.0,0.0,6.459979849628796,1.4444444444444444,1.4444444444444444,9,0,13.0,0.4548450601356572
752.0,4,13.0,0.4642857142857143,9.51414231327876,28,73.0,2.607142857142857,13.0,0.4642857142857143,4,26.0,13.0,5.8607583525452736,2.6,2.6,10,4,26.0,0.3941370059037766
760.0,4,22.0,1.1578947368421053,7.707698346668862,19,56.0,2.9473684210526314,0.0,0.0,2,22.0,0.0,7.860431112876711,2.4444444444444446,2.4444444444444446,9,2,22.0,0.5617197254965984
768.0,3,36.0,1.8,8.180801582018109,20,56.0,2.8,0.0,0.0,2,20.0,0.0,7.166751139981847,2.2222222222222223,2.2222222222222223,9,2,20.0,0.4758997157931539
776.0,4,55.0,2.8947368421052637,8.969713384959686,19,59.0,3.1052631578947367,3.0,0.1578947368421052,2,31.0,11.0,7.055503086109566,4.428571428571429,4.428571428571429,7,2,31.0,0.4829587703854003
784.0,2,68.0,4.25,8.487486184866231,16,75.0,4.6875,16.0,1.0,1,36.0,5.0,7.455003504324426,7.2,7.2,5,1,36.0,0.511248389521622
792.0,2,2.0,0.1052631578947368,8.658920015016768,19,84.0,4.421052631578948,9.0,0.4736842105263157,2,38.0,2.0,6.9291800476037935,3.8,3.8,10,2,38.0,0.5055612704562126
800.0,2,6.0,0.3157894736842105,8.351952901568286,19,89.0,4.684210526315789,5.0,0.2631578947368421,2,6.0,0.0,7.329688301160008,0.75,0.75,8,2,6.0,0.5399728578528789
808.0,3,22.0,1.0,9.689480828690536,22,30.0,1.3636363636363635,0.0,0.0,3,22.0,16.0,5.684156779978515,2.75,2.75,8,3,22.0,0.4128746565540192
816.0,3,38.0,2.111111111111111,9.03000074430748,18,38.0,2.111111111111111,8.0,0.4444444444444444,3,38.0,16.0,5.457106944717381,4.75,4.75,8,3,38.0,0.4220624844864024
824.0,1,2.0,0.1176470588235294,8.491929790581754,17,47.0,2.764705882352941,9.0,0.5294117647058824,1,2.0,0.0,6.780129544145094,0.2222222222222222,0.2222222222222222,9,1,2.0,0.4874875660485697
832.0,2,3.0,0.1666666666666666,8.772614719058812,18,59.0,3.2777777777777777,12.0,0.6666666666666666,1,2.0,0.0,7.92026223719234,0.3333333333333333,0.3333333333333333,6,1,2.0,0.5850018316976026
840.0,2,19.0,1.1176470588235294,9.66699861511475,17,30.0,1.7647058823529411,0.0,0.0,1,10.0,8.0,8.55624253790882,3.333333333333333,3.333333333333333,3,1,10.0,0.6301281439091814
848.0,2,35.0,3.1818181818181817,9.333068241444613,11,35.0,3.1818181818181817,5.0,0.4545454545454545,1,18.0,8.0,4.6929024837537465,9.0,9.0,2,1,18.0,0.3804035540990798
856.0,0,0.0,0.0,7.942782290790626,13,42.0,3.230769230769231,7.0,0.5384615384615384,0,0.0,0.0,6.242478799885232,0.0,0.0,5,0,0.0,0.4825562040867108
864.0,1,0.0,0.0,10.101194066475657,14,42.0,3.0,0.0,0.0,0,0.0,0.0,10.648295391479593,0.0,0.0,6,0,0.0,0.7928690528279994
872.0,0,0.0,0.0,9.629436102149334,11,0.0,0.0,0.0,0.0,0,0.0,0.0,8.289299896695267,0.0,0.0,3,0,0.0,0.6010873633635551
880.0,2,10.0,1.4285714285714286,6.694934925972637,7,10.0,1.4285714285714286,10.0,1.4285714285714286,2,10.0,10.0,0.96415613135652,3.333333333333333,3.333333333333333,3,2,10.0,0.0745760628368867
888.0,0,0.0,0.0,6.637859253603321,8,20.0,2.5,10.0,1.25,0,3.0,0.0,5.271151107109235,0.75,0.75,4,0,3.0,0.365930937005485
896.0,0,0.0,0.0,8.503767802314174,12,11.0,0.9166666666666666,0.0,0.0,0,0.0,0.0,8.321805623644543,0.0,0.0,8,0,0.0,0.597652573459894
904.0,2,6.0,0.3529411764705882,8.041289112918761,17,6.0,0.3529411764705882,0.0,0.0,1,6.0,6.0,7.833103496218884,0.6666666666666666,0.6666666666666666,9,1,6.0,0.576337029685233
912.0,1,14.0,0.7,8.48695458911099,20,14.0,0.7,8.0,0.4,1,14.0,8.0,7.776846675184382,2.0,2.0,7,1,14.0,0.5773275269694249
920.0,6,13.0,0.65,5.226359589329762,20,33.0,1.65,19.0,0.95,5,13.0,0.0,1.5318875976959692,1.625,1.625,8,5,13.0,0.1075883440374767
928.0,0,0.0,0.0,6.751022788727084,19,60.0,3.1578947368421053,27.0,1.4210526315789471,0,12.0,0.0,4.59114873762191,4.0,4.0,3,0,12.0,0.3187618820676174
936.0,0,0.0,0.0,8.785940057373725,18,41.0,2.2777777777777777,0.0,0.0,0,0.0,0.0,11.469896791354884,0.0,0.0,2,0,0.0,0.8325566654033263
944.0,4,5.0,0.3125,4.820896480734188,16,11.0,0.6875,0.0,0.0,2,2.0,2.0,1.965127566228223,0.6666666666666666,0.6666666666666666,3,2,2.0,0.1414689414970089
952.0,6,33.0,1.5714285714285714,5.676363359383493,21,38.0,1.809523809523809,27.0,1.2857142857142858,1,2.0,0.0,4.596758640647749,0.5,0.5,4,1,2.0,0.4079539918915693
960.0,5,41.0,1.8636363636363635,5.79296529612775,22,90.0,4.090909090909091,52.0,2.363636363636364,2,13.0,11.0,3.709497487981624,2.1666666666666665,2.1666666666666665,6,2,13.0,0.2912276529825666
968.0,6,59.0,2.95,4.7165103160045065,20,110.0,5.5,20.0,1.0,5,44.0,31.0,0.6820703001554055,7.333333333333333,7.333333333333333,6,5,44.0,0.0525771030893466
976.0,5,62.0,3.1,4.9464556216308,20,124.0,6.2,14.0,0.7,1,26.0,0.0,4.593935258939723,8.666666666666666,8.666666666666666,3,1,26.0,0.3567263625793528
984.0,1,4.0,0.1904761904761904,6.365248940969945,21,141.0,6.714285714285714,17.0,0.8095238095238095,1,4.0,0.0,0.0021285406888324,4.0,4.0,1,1,4.0,0.0001640872318618
992.0,3,5.0,0.2631578947368421,5.581442114186433,19,89.0,4.684210526315789,0.0,0.0,2,32.0,28.0,6.837490991263286e-05,16.0,16.0,2,2,32.0,4.881495424502931e-06
1000.0,0,0.0,0.0,6.365070346438914,20,43.0,2.15,0.0,0.0,0,0.0,0.0,8.586659456405323,0.0,0.0,4,0,0.0,0.5689026139524651
1008.0,1,0.0,0.0,6.904810452384731,22,36.0,1.6363636363636365,0.0,0.0,0,0.0,0.0,10.909786524717203,0.0,0.0,4,0,0.0,0.8309778223766647
1016.0,6,18.0,0.75,3.7804743685609097,24,24.0,1.0,0.0,0.0,3,10.0,10.0,1.2042812781614127,2.5,2.5,4,3,10.0,0.083866836101832
1024.0,4,17.0,0.6296296296296297,3.740818779410637,27,60.0,2.2222222222222223,36.0,1.3333333333333333,2,11.0,1.0,3.312769914530217,2.2,2.2,5,2,11.0,0.2201853040026954
1032.0,5,17.0,0.5666666666666667,4.862066870225825,30,85.0,2.833333333333333,25.0,0.8333333333333334,1,3.0,0.0,6.747687065902745,0.3333333333333333,0.3333333333333333,9,1,3.0,0.496240561201689
1040.0,3,3.0,0.09375,5.597403765937891,32,92.0,2.875,7.0,0.21875,0,0.0,0.0,8.729085828400214,0.0,0.0,5,0,0.0,0.6507639426879672
1048.0,5,11.0,0.3235294117647059,5.604619239412347,34,86.0,2.5294117647058822,0.0,0.0,5,11.0,11.0,2.467314304416975,1.1,1.1,10,5,11.0,0.1830426520947685
1056.0,5,39.0,1.5,4.188144931711102,26,92.0,3.5384615384615383,6.0,0.2307692307692307,5,39.0,28.0,2.641955752930602,4.875,4.875,8,5,39.0,0.2349831879388229
1064.0,7,90.0,3.4615384615384617,4.063959753797378,26,129.0,4.961538461538462,37.0,1.4230769230769231,7,90.0,51.0,0.1839811289314447,11.25,11.25,8,7,90.0,0.0189579641236319
1072.0,0,0.0,0.0,5.666344416268242,26,136.0,5.230769230769231,7.0,0.2692307692307692,0,30.0,0.0,7.572725892579941,6.0,6.0,5,0,30.0,0.5418250415725614
1080.0,4,12.0,0.4137931034482758,6.429825860826875,29,142.0,4.896551724137931,6.0,0.2068965517241379,2,41.0,11.0,6.712300603818947,6.833333333333333,6.833333333333333,6,2,41.0,0.4883948192972616
1088.0,4,32.0,1.103448275862069,5.028392078321379,29,89.0,3.0689655172413794,0.0,0.0,2,57.0,16.0,6.352726185236925,8.142857142857142,8.142857142857142,7,2,57.0,0.4694994179048826
1096.0,5,16.0,0.5,4.681014591153709,32,113.0,3.53125,24.0,0.75,1,0.0,0.0,7.55504916933364,0.0,0.0,5,1,0.0,0.5603796732871633
1104.0,11,70.0,2.0,3.517826935517509,35,171.0,4.885714285714286,58.0,1.6571428571428573,2,4.0,4.0,3.175403765711894,0.8,0.8,5,2,4.0,0.2015503387324473
1112.0,16,133.0,3.8,3.6238962955228486,35,204.0,5.828571428571428,33.0,0.9428571428571428,2,0.0,0.0,2.5382426340521005,0.0,0.0,3,2,0.0,0.1921754610503014
1120.0,12,87.0,2.4857142857142858,4.214807282223049,35,301.0,8.6,97.0,2.771428571428572,1,1.0,1.0,5.705453130941877,0.1666666666666666,0.1666666666666666,6,1,1.0,0.4295883543173133
1128.0,6,59.0,1.903225806451613,4.347856121922278,31,340.0,10.96774193548387,39.0,1.2580645161290325,0,0.0,0.0,6.998021289450118,0.0,0.0,3,0,0.0,0.484135531482949
1136.0,1,0.0,0.0,5.13968434580867,29,291.0,10.03448275862069,0.0,0.0,0,0.0,0.0,10.379305377799604,0.0,0.0,4,0,0.0,0.7296760313379484
1152.0,7,18.0,0.6923076923076923,3.117316613822452,26,284.0,10.923076923076923,13.0,0.5,2,4.0,4.0,3.3975847889371207,1.0,1.0,4,2,4.0,0.2546091317523562
1160.0,4,7.0,0.2916666666666667,2.872541585398856,24,282.0,11.75,0.0,0.0,1,2.0,0.0,5.816185902751001,0.6666666666666666,0.6666666666666666,3,1,2.0,0.3821872673918067
1184.0,1,0.0,0.0,3.970410107035804,23,173.0,7.521739130434782,0.0,0.0,0,0.0,0.0,4.349931758677122,0.0,0.0,2,0,0.0,0.2960590408788751
1192.0,1,1.0,0.04,4.70013802210285,25,144.0,5.76,0.0,0.0,0,0.0,0.0,11.760851307376289,0.0,0.0,1,0,0.0,0.7999524535367396
1208.0,1,0.0,0.0,3.4961874293201407,22,101.0,4.590909090909091,0.0,0.0,1,0.0,0.0,0.7025677210302093,0.0,0.0,2,1,0.0,0.0469772956616949
1216.0,0,0.0,0.0,5.172545679076504,24,63.0,2.625,0.0,0.0,0,0.0,0.0,7.171614954600074,0.0,0.0,7,0,0.0,0.5383626942312022
1224.0,4,9.0,0.3214285714285714,4.919911496402404,28,11.0,0.3928571428571428,0.0,0.0,3,9.0,9.0,5.489255873064318,0.6923076923076923,0.6923076923076923,13,3,9.0,0.4012626354726078
1232.0,2,1.0,0.032258064516129,6.787185412712875,31,27.0,0.8709677419354839,16.0,0.5161290322580645,0,1.0,0.0,8.406060846540397,0.1666666666666666,0.1666666666666666,6,0,1.0,0.6104775387577127
1240.0,3,6.0,0.1764705882352941,7.673199103651541,34,36.0,1.0588235294117647,9.0,0.2647058823529412,2,6.0,5.0,7.018683759378642,0.8571428571428571,0.8571428571428571,7,2,6.0,0.4958932681272786
1248.0,10,35.0,1.1666666666666667,3.7432791265767102,30,50.0,1.6666666666666667,14.0,0.4666666666666667,3,8.0,2.0,5.404274578253199,0.8,0.8,10,3,8.0,0.3707356778229632
1256.0,11,100.0,3.0303030303030303,5.2353916288413,33,132.0,4.0,82.0,2.484848484848485,0,0.0,0.0,8.330040704752477,0.0,0.0,7,0,0.0,0.6221933321186787
1264.0,14,116.0,3.3142857142857145,5.783282378759051,35,226.0,6.457142857142857,94.0,2.685714285714285,2,27.0,27.0,7.165567250863994,3.375,3.375,8,2,27.0,0.5217962952868316
1272.0,13,99.0,3.193548387096774,3.824155088705468,31,305.0,9.838709677419354,79.0,2.548387096774193,4,43.0,16.0,5.503301667086158,4.777777777777778,4.777777777777778,9,4,43.0,0.3815026396723952
1280.0,11,88.0,2.5142857142857142,4.881445796260293,35,385.0,11.0,80.0,2.2857142857142856,1,17.0,0.0,6.991569598110087,1.7,1.7,10,1,17.0,0.5172755002793635
1288.0,12,76.0,2.111111111111111,4.961726271799327,36,479.0,13.305555555555555,94.0,2.611111111111111,2,46.0,29.0,4.945606593418755,6.571428571428571,6.571428571428571,7,2,46.0,0.3727145849207152
1296.0,16,100.0,2.4390243902439024,5.159128754534791,41,516.0,12.585365853658535,37.0,0.902439024390244,4,62.0,16.0,5.341701070153842,6.888888888888889,6.888888888888889,9,4,62.0,0.3929673281270757
1304.0,10,77.0,2.138888888888889,3.971035855192904,36,603.0,16.75,87.0,2.4166666666666665,0,0.0,0.0,7.267525262390758,0.0,0.0,9,0,0.0,0.5137924417605391
1312.0,16,117.0,3.0789473684210527,4.143736083775075,38,723.0,19.026315789473685,120.0,3.1578947368421053,5,51.0,51.0,4.2729797472447855,5.1,5.1,10,5,51.0,0.3271996774478906
1320.0,12,89.0,2.282051282051282,4.044165476569099,39,735.0,18.846153846153847,12.0,0.3076923076923077,6,50.0,0.0,4.159016793854885,4.545454545454546,4.545454545454546,11,6,50.0,0.3005740646266053
1328.0,5,23.0,0.6388888888888888,5.247607282847928,36,708.0,19.666666666666668,0.0,0.0,0,4.0,0.0,6.657038136507634,0.5,0.5,8,0,4.0,0.4720382867909076
1336.0,7,11.0,0.275,7.192178850311047,40,707.0,17.675,0.0,0.0,2,65.0,61.0,7.274914915687862,7.222222222222222,7.222222222222222,9,2,65.0,0.5201467214967895
1344.0,7,25.0,0.8064516129032258,6.5877841116019145,31,666.0,21.483870967741936,0.0,0.0,3,73.0,8.0,6.758805315860654,10.428571428571429,10.428571428571429,7,3,73.0,0.524243349302904
1352.0,6,19.0,0.7916666666666666,4.798456665202177,24,707.0,29.45833333333333,41.0,1.7083333333333333,2,6.0,0.0,5.521048676941579,0.75,0.75,8,2,6.0,0.4083557593744452
1360.0,2,4.0,0.1666666666666666,5.710915027929519,24,725.0,30.20833333333333,18.0,0.75,2,139.0,133.0,3.884432065943634,34.75,34.75,4,2,139.0,0.3144048165129647
1368.0,4,5.0,0.217391304347826,4.867762168401884,23,603.0,26.217391304347824,0.0,0.0,1,65.0,0.0,2.9498611849066863,21.666666666666668,21.666666666666668,3,1,65.0,0.2010421084192085
1376.0,10,41.0,2.411764705882353,3.4386827933685526,17,632.0,37.1764705882353,29.0,1.7058823529411764,2,78.0,13.0,3.648436418245943,26.0,26.0,3,2,78.0,0.3046657143863349
1384.0,8,79.0,5.266666666666667,2.051230620242801,15,566.0,37.73333333333333,0.0,0.0,1,14.0,0.0,2.824370218023345,3.5,3.5,4,1,14.0,0.2014979448786565
1392.0,5,40.0,2.3529411764705883,5.590730206917959,17,618.0,36.35294117647059,52.0,3.0588235294117645,3,105.0,91.0,4.080438106929072,17.5,17.5,6,3,105.0,0.2706184355741363
1400.0,3,4.0,0.2352941176470588,5.129753098590913,17,550.0,32.35294117647059,0.0,0.0,2,86.0,0.0,4.647506671711231,14.333333333333334,14.333333333333334,6,2,86.0,0.3580321530373939
1408.0,8,39.0,2.1666666666666665,5.327650380568141,18,591.0,32.833333333333336,41.0,2.2777777777777777,2,20.0,0.0,5.476410781894439,5.0,5.0,4,2,20.0,0.4773663088857252
1416.0,7,35.0,1.75,4.382970458778777,20,620.0,31.0,29.0,1.45,1,93.0,73.0,4.295038085859598,15.5,15.5,6,1,93.0,0.3378881923454198
1424.0,5,14.0,0.6086956521739131,5.9225833568520505,23,639.0,27.782608695652176,19.0,0.8260869565217391,2,99.0,6.0,6.073357285009659,11.0,11.0,9,2,99.0,0.4174329242545684
1432.0,6,53.0,2.208333333333333,6.713114336587123,24,485.0,20.20833333333333,0.0,0.0,2,102.0,3.0,4.867321606771291,25.5,25.5,4,2,102.0,0.3642061985113242
1440.0,6,75.0,3.260869565217391,7.258374215550507,23,497.0,21.608695652173918,12.0,0.5217391304347826,1,3.0,0.0,3.1782539813587865,1.0,1.0,3,1,3.0,0.2251843237726247
1448.0,4,23.0,1.2777777777777777,5.808774907015732,18,524.0,29.11111111111111,27.0,1.5,3,22.0,19.0,1.9964411009157568,4.4,4.4,5,3,22.0,0.1241761410580424
1456.0,3,46.0,2.421052631578948,6.218779764714225,19,454.0,23.894736842105264,0.0,0.0,3,46.0,24.0,3.389427720058192,9.2,9.2,5,3,46.0,0.2155748671658172
1464.0,2,11.0,0.6111111111111112,7.92394663367992,18,265.0,14.72222222222222,0.0,0.0,0,0.0,0.0,10.377059817598218,0.0,0.0,3,0,0.0,0.7727028770171525
1472.0,0,0.0,0.0,8.504597310859475,17,275.0,16.176470588235293,10.0,0.5882352941176471,0,0.0,0.0,3.921660037571965,0.0,0.0,2,0,0.0,0.2910059817320796
1480.0,2,6.0,0.4285714285714285,7.264566035286277,14,118.0,8.428571428571429,0.0,0.0,0,0.0,0.0,6.159548049350268,0.0,0.0,1,0,0.0,0.4575940505953682
1488.0,3,17.0,1.5454545454545454,7.59056702856877,11,126.0,11.454545454545457,8.0,0.7272727272727273,1,3.0,3.0,0.0027396711908472,3.0,3.0,1,1,3.0,0.0002035307180778
1496.0,2,3.0,0.2727272727272727,8.747364780843727,11,133.0,12.090909090909092,7.0,0.6363636363636364,2,3.0,0.0,1.0754229658043704,1.0,1.0,3,2,3.0,0.0708159251069224
1504.0,2,0.0,0.0,7.82071822615101,11,12.0,1.0909090909090908,0.0,0.0,1,0.0,0.0,7.163639483152899,0.0,0.0,6,1,0.0,0.5040274343154835
1512.0,2,1.0,0.0714285714285714,7.941110985861447,14,7.0,0.5,0.0,0.0,0,0.0,0.0,9.451596397295102,0.0,0.0,5,0,0.0,0.6949031927774365
1520.0,4,11.0,0.6875,6.13044037448358,16,12.0,0.75,5.0,0.3125,4,11.0,11.0,2.165192939534825,1.375,1.375,8,4,11.0,0.1597502561625871
1528.0,0,0.0,0.0,6.0582984640626565,14,30.0,2.142857142857143,18.0,1.2857142857142858,0,3.0,0.0,3.5094621860891286,1.5,1.5,2,0,3.0,0.2346958767995121
1536.0,2,2.0,0.1052631578947368,7.08400844351878,19,34.0,1.7894736842105263,4.0,0.2105263157894736,1,1.0,0.0,3.2164360003943417,0.3333333333333333,0.3333333333333333,3,1,1.0,0.2518218536556345
1544.0,5,23.0,1.2105263157894737,5.015545392077127,19,35.0,1.8421052631578947,1.0,0.0526315789473684,2,13.0,12.0,2.032807937120451,2.6,2.6,5,2,13.0,0.1459468149959024
1552.0,6,25.0,1.0869565217391304,5.03433876539303,23,52.0,2.260869565217391,17.0,0.7391304347826086,3,22.0,9.0,1.3607427986250704,3.6666666666666665,3.6666666666666665,6,3,22.0,0.1006017251581112
1560.0,2,6.0,0.2727272727272727,6.835617382617245,22,82.0,3.727272727272727,30.0,1.3636363636363635,2,6.0,0.0,5.735700225717653,1.0,1.0,6,2,6.0,0.3890705637131706
1568.0,2,22.0,1.1,8.254860046251,20,76.0,3.8,0.0,0.0,2,22.0,16.0,2.4640431421925317,5.5,5.5,4,2,22.0,0.1703142004263449
1576.0,4,4.0,0.2666666666666666,5.013180896602121,15,33.0,2.2,0.0,0.0,3,4.0,0.0,2.8045705834259307,0.8,0.8,5,3,4.0,0.2095563658498582
1584.0,0,0.0,0.0,7.556542646782965,16,40.0,2.5,7.0,0.4375,0,0.0,0.0,6.367171055424093,0.0,0.0,4,0,0.0,0.4721444143356081
1592.0,1,4.0,0.2105263157894736,9.600515599536084,19,15.0,0.7894736842105263,0.0,0.0,1,4.0,4.0,7.442102562572634,0.5,0.5,8,1,4.0,0.532502904507539
1600.0,3,5.0,0.3846153846153846,6.869494214651113,13,12.0,0.9230769230769232,0.0,0.0,3,5.0,1.0,4.423469193324521,0.5555555555555556,0.5555555555555556,9,3,5.0,0.310482582978765
1608.0,0,0.0,0.0,6.255262809781746,11,29.0,2.636363636363636,17.0,1.5454545454545454,0,5.0,0.0,3.4808587098054304,1.6666666666666667,1.6666666666666667,3,0,5.0,0.2702051722125992
1616.0,2,1.0,0.0833333333333333,7.176673737178575,12,28.0,2.333333333333333,0.0,0.0,1,4.0,0.0,1.463791448485387,1.3333333333333333,1.3333333333333333,3,1,4.0,0.1052191667567924
1624.0,1,9.0,1.2857142857142858,8.048348585626377,7,17.0,2.4285714285714284,0.0,0.0,1,9.0,5.0,3.232601139240433,4.5,4.5,2,1,9.0,0.2313333693065306
1632.0,2,17.0,1.4166666666666667,7.609304141088997,12,21.0,1.75,4.0,0.3333333333333333,2,17.0,8.0,3.729613552875816,3.4,3.4,5,2,17.0,0.2546545193977678
1640.0,1,0.0,0.0,8.149793980930937,13,20.0,1.5384615384615383,0.0,0.0,0,0.0,0.0,7.686089945593313,0.0,0.0,8,0,0.0,0.5636771347206293
1648.0,0,0.0,0.0,10.837304923427109,13,25.0,1.9230769230769231,5.0,0.3846153846153846,0,0.0,0.0,12.89813754724393,0.0,0.0,1,0,0.0,0.9336239017486272
1656.0,0,0.0,0.0,11.656419076693275,11,5.0,0.4545454545454545,0.0,0.0,0,0.0,0.0,7.922642890746275,0.0,0.0,3,0,0.0,0.5253342944456726
1664.0,0,0.0,0.0,11.121828217761127,8,0.0,0.0,0.0,0.0,0,0.0,0.0,7.667168565618321,0.0,0.0,3,0,0.0,0.5927823387336436
1672.0,1,0.0,0.0,9.359219170904971,11,0.0,0.0,0.0,0.0,1,0.0,0.0,7.705346879025456,0.0,0.0,4,1,0.0,0.5313532053690322
1680.0,4,6.0,0.375,4.2295432320789255,16,6.0,0.375,6.0,0.375,3,6.0,6.0,2.551644711546148,0.75,0.75,8,3,6.0,0.1763063684910422
1688.0,7,42.0,2.1,4.6991722571192485,20,42.0,2.1,36.0,1.8,7,42.0,36.0,3.2317622116269478,3.8181818181818175,3.8181818181818175,11,7,42.0,0.2230369964731683
1696.0,1,1.0,0.0454545454545454,5.949260293653712,22,71.0,3.227272727272727,29.0,1.318181818181818,0,13.0,0.0,2.928777911943385,2.1666666666666665,2.1666666666666665,6,0,13.0,0.2135548120363746
1704.0,4,24.0,1.1428571428571428,8.05192601731652,21,94.0,4.476190476190476,23.0,1.0952380952380951,1,6.0,0.0,0.0001622593851292,6.0,6.0,1,1,6.0,1.2673288595809331e-05
1712.0,5,27.0,2.25,6.658522085341893,12,66.0,5.5,0.0,0.0,1,11.0,5.0,0.0091793118797715,11.0,11.0,1,1,11.0,0.0007169512473537
1720.0,4,4.0,0.3333333333333333,4.9879654193344205,12,53.0,4.416666666666667,0.0,0.0,1,0.0,0.0,4.810003077928559,0.0,0.0,4,1,0.0,0.3884825497427977
1728.0,1,1.0,0.0909090909090909,6.059772506426682,11,40.0,3.636363636363636,0.0,0.0,1,1.0,1.0,5.919507832862547,0.25,0.25,4,1,1.0,0.4763975196481703
1736.0,0,0.0,0.0,8.251018016305537,11,19.0,1.7272727272727273,0.0,0.0,0,0.0,0.0,10.468260807687628,0.0,0.0,2,0,0.0,0.8202656872162796
1744.0,1,0.0,0.0,7.385249048382729,11,8.0,0.7272727272727273,0.0,0.0,1,0.0,0.0,4.243889685497408,0.0,0.0,4,1,0.0,0.3433454641258198
1752.0,1,0.0,0.0,8.998027261884465,11,2.0,0.1818181818181818,0.0,0.0,1,0.0,0.0,7.6020710196056065,0.0,0.0,4,1,0.0,0.5648687986604197
1760.0,0,0.0,0.0,10.13072698279418,11,3.0,0.2727272727272727,1.0,0.0909090909090909,0,0.0,0.0,10.22114532792475,0.0,0.0,1,0,0.0,0.6643108400380219
1768.0,1,4.0,0.5714285714285714,10.044229996787111,7,4.0,0.5714285714285714,1.0,0.1428571428571428,1,4.0,4.0,5.101372557092796,2.0,2.0,2,1,4.0,0.4443015636457269
1776.0,0,0.0,0.0,10.648378981906388,5,7.0,1.4,3.0,0.6,0,0.0,0.0,10.451961190818215,0.0,0.0,2,0,0.0,0.8329297989603157
1784.0,0,0.0,0.0,13.047420126704123,3,7.0,2.333333333333333,0.0,0.0,0,0.0,0.0,13.61822167701764,0.0,0.0,1,0,0.0,0.9662726386066826
1800.0,1,4.0,1.3333333333333333,3.725729610760282,3,4.0,1.3333333333333333,4.0,1.3333333333333333,1,4.0,4.0,3.725729610760282,1.3333333333333333,1.3333333333333333,3,1,4.0,0.3549966520206072
1808.0,1,12.0,3.0,7.138675023425065,4,12.0,3.0,8.0,2.0,1,12.0,8.0,4.625945637207789,6.0,6.0,2,1,12.0,0.4833690084591925
1816.0,1,2.0,0.5,5.593199691659401,4,17.0,4.25,5.0,1.25,1,2.0,0.0,0.0116568238066864,2.0,2.0,1,1,2.0,0.0012180314701282
1824.0,0,0.0,0.0,9.723319342312534,7,20.0,2.857142857142857,3.0,0.4285714285714285,0,0.0,0.0,7.200607694335969,0.0,0.0,3,0,0.0,0.5829614685980183
1832.0,1,5.0,0.625,7.99347779688258,8,10.0,1.25,0.0,0.0,1,5.0,5.0,7.785564366067486,0.7142857142857143,0.7142857142857143,7,1,5.0,0.6011968347471873
1840.0,2,3.0,0.2307692307692307,6.404748048407049,13,11.0,0.8461538461538461,1.0,0.0769230769230769,2,3.0,0.0,5.2670662435960525,0.3,0.3,10,2,3.0,0.3942436787942552
1848.0,2,3.0,0.2,7.703882340425687,15,22.0,1.4666666666666666,11.0,0.7333333333333333,2,3.0,0.0,5.540233335206578,0.4285714285714285,0.4285714285714285,7,2,3.0,0.4302763381108128
1856.0,2,9.0,0.5625,9.87416781669592,16,26.0,1.625,4.0,0.25,2,9.0,6.0,6.825871805818566,1.125,1.125,8,2,9.0,0.4841544403646369
1864.0,1,0.0,0.0,9.008852761922974,13,24.0,1.8461538461538465,0.0,0.0,0,0.0,0.0,8.941658773138334,0.0,0.0,6,0,0.0,0.6408019386041851
1872.0,0,0.0,0.0,10.414299385500476,16,18.0,1.125,0.0,0.0,0,0.0,0.0,9.08289305999833,0.0,0.0,7,0,0.0,0.6563110514605022
1880.0,3,13.0,0.9285714285714286,8.656684843478136,14,13.0,0.9285714285714286,0.0,0.0,3,13.0,13.0,6.150384037068101,1.625,1.625,8,3,13.0,0.4438238197289558
1888.0,2,6.0,0.4615384615384615,7.466897655522445,13,29.0,2.230769230769231,16.0,1.2307692307692308,2,6.0,0.0,6.405099332388842,0.6666666666666666,0.6666666666666666,9,2,6.0,0.4873808564856644
1896.0,0,0.0,0.0,9.769663047814424,15,28.0,1.8666666666666667,0.0,0.0,0,0.0,0.0,10.589894808911389,0.0,0.0,5,0,0.0,0.7510274579690772
1904.0,1,0.0,0.0,10.559779323308652,16,10.0,0.625,0.0,0.0,1,0.0,0.0,7.465348825193248,0.0,0.0,4,1,0.0,0.5530968427739292
1912.0,1,2.0,0.1666666666666666,7.727792447513956,12,2.0,0.1666666666666666,0.0,0.0,0,0.0,0.0,5.277631790918049,0.0,0.0,4,0,0.0,0.3595889439041244
1920.0,1,4.0,0.2666666666666666,7.157171643962332,15,8.0,0.5333333333333333,6.0,0.4,1,4.0,4.0,4.426088663507184,0.5714285714285714,0.5714285714285714,7,1,4.0,0.3288925252423366
1928.0,1,0.0,0.0,8.6635284781895,14,12.0,0.8571428571428571,4.0,0.2857142857142857,1,0.0,0.0,6.641652702033334,0.0,0.0,6,1,0.0,0.4961168370247009
1936.0,1,6.0,0.4,10.98920346860756,15,16.0,1.0666666666666669,4.0,0.2666666666666666,1,6.0,6.0,6.056298179936129,1.5,1.5,4,1,6.0,0.4085699345382536
1944.0,2,18.0,1.2857142857142858,8.284276220344635,14,18.0,1.2857142857142858,2.0,0.1428571428571428,1,14.0,8.0,6.010663804008006,2.0,2.0,7,1,14.0,0.4397679965926787
1952.0,5,41.0,2.7333333333333334,7.730089176162628,15,41.0,2.7333333333333334,23.0,1.5333333333333334,2,22.0,8.0,8.100289774185,2.75,2.75,8,2,22.0,0.556332214404555
1960.0,4,12.0,0.8571428571428571,5.783939604735049,14,65.0,4.642857142857143,24.0,1.7142857142857142,4,28.0,6.0,3.486826422146432,3.111111111111111,3.111111111111111,9,4,28.0,0.2403179560089525
1968.0,6,44.0,3.6666666666666665,4.670058935407303,12,110.0,9.166666666666666,45.0,3.75,6,68.0,40.0,0.0003404816908018,11.333333333333334,11.333333333333334,6,6,68.0,2.42262915336384e-05
1976.0,3,28.0,2.1538461538461537,7.68489403187233,13,107.0,8.23076923076923,0.0,0.0,3,52.0,0.0,1.2489230754610614,13.0,13.0,4,3,52.0,0.0917468970819727
1984.0,3,44.0,3.6666666666666665,8.450184338467647,12,114.0,9.5,7.0,0.5833333333333334,3,68.0,16.0,5.762023570174093,9.714285714285714,9.714285714285714,7,3,68.0,0.4069439599909227
1992.0,2,2.0,0.2,6.254027392221706,10,77.0,7.7,0.0,0.0,2,2.0,0.0,4.892727790386474,0.2857142857142857,0.2857142857142857,7,2,2.0,0.3623141776028303
2000.0,0,0.0,0.0,9.127097830524011,13,85.0,6.538461538461538,8.0,0.6153846153846154,0,0.0,0.0,6.568502631410957,0.0,0.0,2,0,0.0,0.485506680996695
2008.0,2,4.0,0.2352941176470588,8.679398827972234,17,14.0,0.8235294117647058,0.0,0.0,2,4.0,4.0,4.242867221778802,0.5,0.5,8,2,4.0,0.3192881005160247
2016.0,2,3.0,0.2,8.063932541954633,15,14.0,0.9333333333333332,0.0,0.0,2,3.0,0.0,7.029358975320202,0.3333333333333333,0.3333333333333333,9,2,3.0,0.5108465752726893
2024.0,2,12.0,0.7058823529411765,10.146314361931116,17,23.0,1.3529411764705883,9.0,0.5294117647058824,1,11.0,8.0,6.983337391315158,1.8333333333333333,1.8333333333333333,6,1,11.0,0.485456349101902
2032.0,3,10.0,0.625,7.536971130134352,16,25.0,1.5625,2.0,0.125,3,10.0,0.0,4.848839129955723,1.0,1.0,10,3,10.0,0.3358405583637934
2040.0,0,0.0,0.0,8.31292283854923,16,35.0,2.1875,10.0,0.625,0,0.0,0.0,7.685794541233827,0.0,0.0,5,0,0.0,0.4959942610613957
2048.0,2,14.0,0.9333333333333332,8.887562232522235,15,35.0,2.333333333333333,0.0,0.0,0,0.0,0.0,4.563068133414954,0.0,0.0,2,0,0.0,0.3326075436365612
2064.0,0,0.0,0.0,6.30586418882258,3,5.0,1.6666666666666667,0.0,0.0,0,0.0,0.0,1.3202609058003874,0.0,0.0,1,0,0.0,0.0949732660553886
2072.0,1,0.0,0.0,6.59772049634699,7,0.0,0.0,0.0,0.0,0,0.0,0.0,8.313275352837195,0.0,0.0,4,0,0.0,0.6152418891611142
2080.0,1,0.0,0.0,9.469938306832196,12,0.0,0.0,0.0,0.0,1,0.0,0.0,8.311113137711406,0.0,0.0,7,1,0.0,0.5885213173955732
2088.0,1,2.0,0.1428571428571428,10.823016353828349,14,2.0,0.1428571428571428,2.0,0.1428571428571428,1,2.0,2.0,8.074482053685848,0.4,0.4,5,1,2.0,0.5555965369218469
2096.0,1,0.0,0.0,9.315801762710784,9,7.0,0.7777777777777778,5.0,0.5555555555555556,1,0.0,0.0,4.123719919961878,0.0,0.0,2,1,0.0,0.3215242089498549
2104.0,0,0.0,0.0,9.546489552536682,10,7.0,0.7,0.0,0.0,0,0.0,0.0,6.000130988532382,0.0,0.0,5,0,0.0,0.450176177112235
2112.0,1,1.0,0.0909090909090909,8.640546333167524,11,1.0,0.0909090909090909,0.0,0.0,0,0.0,0.0,8.524022153533616,0.0,0.0,7,0,0.0,0.6196941512815571
2120.0,3,11.0,0.7333333333333333,8.589544945660073,15,11.0,0.7333333333333333,10.0,0.6666666666666666,1,0.0,0.0,8.016807810272244,0.0,0.0,7,1,0.0,0.6193136308396362
2128.0,4,31.0,1.9375,7.299624401402935,16,31.0,1.9375,20.0,1.25,2,4.0,4.0,5.657701235149225,0.5714285714285714,0.5714285714285714,7,2,4.0,0.3895672523483063
2136.0,6,12.0,0.7058823529411765,5.60772642463939,17,52.0,3.0588235294117645,21.0,1.2352941176470589,5,24.0,20.0,2.656786707074509,2.6666666666666665,2.6666666666666665,9,5,24.0,0.1940776427878276
2144.0,0,0.0,0.0,6.564586406251981,16,47.0,2.9375,0.0,0.0,0,8.0,0.0,5.151752734433964,4.0,4.0,2,0,8.0,0.4212297179201561
2152.0,2,2.0,0.0909090909090909,9.537277973311118,22,50.0,2.272727272727273,3.0,0.1363636363636363,1,10.0,2.0,3.2349045872582565,2.5,2.5,4,1,10.0,0.2318429081138303
2160.0,0,0.0,0.0,9.906831286551611,15,13.0,0.8666666666666667,0.0,0.0,0,0.0,0.0,10.54121515529716,0.0,0.0,5,0,0.0,0.7679481077571462
2168.0,0,0.0,0.0,7.65477900893128,10,0.0,0.0,0.0,0.0,0,0.0,0.0,1.730781638675296,0.0,0.0,3,0,0.0,0.1224664110136175
2176.0,0,0.0,0.0,7.963769314630749,11,7.0,0.6363636363636364,7.0,0.6363636363636364,0,2.0,2.0,4.699480433819011,0.4,0.4,5,0,2.0,0.3722102755603156
2184.0,1,0.0,0.0,9.796866911488012,13,9.0,0.6923076923076923,2.0,0.1538461538461538,1,0.0,0.0,9.408376302566078,0.0,0.0,3,1,0.0,0.6402700425965208
2192.0,2,2.0,0.1428571428571428,7.5770463593767,14,4.0,0.2857142857142857,0.0,0.0,2,2.0,2.0,4.625355738241841,0.3333333333333333,0.3333333333333333,6,2,2.0,0.3495145876351355
2200.0,0,0.0,0.0,9.71239567753877,16,9.0,0.5625,5.0,0.3125,0,0.0,0.0,9.173258659671308,0.0,0.0,6,0,0.0,0.6591435873352403
2208.0,2,5.0,0.3125,9.329138485714036,16,9.0,0.5625,0.0,0.0,1,5.0,5.0,6.369393907855189,1.25,1.25,4,1,5.0,0.4894106096737168
2216.0,2,21.0,2.1,9.739449187808749,10,21.0,2.1,12.0,1.2,2,21.0,16.0,3.672344760998376,7.0,7.0,3,2,21.0,0.3220452374869199
2224.0,1,16.0,2.6666666666666665,10.58315334583723,6,32.0,5.333333333333333,11.0,1.8333333333333333,1,16.0,0.0,0.0,16.0,16.0,1,1,16.0,0.0
2232.0,3,24.0,3.0,5.958456242612799,8,40.0,5.0,8.0,1.0,2,24.0,8.0,4.450804781082769,4.8,4.8,5,2,24.0,0.3106539512786684
2240.0,3,7.0,0.7,5.657602146021125,10,34.0,3.4,0.0,0.0,3,7.0,0.0,2.9380200142162565,1.0,1.0,7,3,7.0,0.2079082456913669
2248.0,1,0.0,0.0,8.299460714788895,15,44.0,2.933333333333333,10.0,0.6666666666666666,0,1.0,0.0,7.577811144258668,0.1428571428571428,0.1428571428571428,7,0,1.0,0.5258521910358069
2256.0,2,10.0,0.5263157894736842,9.008364696984236,19,28.0,1.4736842105263157,0.0,0.0,2,12.0,11.0,6.438303829003198,1.3333333333333333,1.3333333333333333,9,2,12.0,0.4650118458445125
2264.0,2,26.0,1.238095238095238,8.151895321923599,21,29.0,1.380952380952381,1.0,0.0476190476190476,2,29.0,17.0,7.167599465129438,2.636363636363636,2.636363636363636,11,2,29.0,0.5265178400871098
2272.0,5,29.0,1.16,6.095180290346256,25,49.0,1.96,20.0,0.8,5,33.0,4.0,2.680329874106463,2.357142857142857,2.357142857142857,14,5,33.0,0.1908308047530881
2280.0,5,58.0,2.636363636363636,7.142204778684225,22,80.0,3.636363636363636,31.0,1.4090909090909092,5,69.0,36.0,4.870834010423818,4.928571428571429,4.928571428571429,14,5,69.0,0.3679250266814873
2288.0,3,9.0,0.375,8.364382170918562,24,102.0,4.25,22.0,0.9166666666666666,1,15.0,0.0,6.559455771248393,1.875,1.875,8,1,15.0,0.4846545682026267
2296.0,0,0.0,0.0,10.555105396034644,21,110.0,5.238095238095238,8.0,0.3809523809523809,0,4.0,0.0,8.746566085176825,0.5714285714285714,0.5714285714285714,7,0,4.0,0.6415946608229618
2304.0,2,11.0,0.7857142857142857,7.513235097429034,14,24.0,1.7142857142857142,0.0,0.0,2,15.0,11.0,5.58408975562563,1.6666666666666667,1.6666666666666667,9,2,15.0,0.4101604190411391
2312.0,1,0.0,0.0,8.330451158638377,14,27.0,1.9285714285714288,3.0,0.2142857142857142,1,1.0,0.0,8.304513631446955,0.1428571428571428,0.1428571428571428,7,1,1.0,0.6239577738654523
2320.0,0,0.0,0.0,10.913699603678593,21,27.0,1.2857142857142858,0.0,0.0,0,0.0,0.0,9.230030468523768,0.0,0.0,7,0,0.0,0.6599519598557767
2328.0,0,0.0,0.0,8.990975977711548,20,0.0,0.0,0.0,0.0,0,0.0,0.0,7.42236469020536,0.0,0.0,8,0,0.0,0.5512711895950704
2336.0,5,18.0,0.9473684210526316,8.797101560073907,19,18.0,0.9473684210526316,18.0,0.9473684210526316,3,5.0,5.0,6.974292943292391,0.7142857142857143,0.7142857142857143,7,3,5.0,0.4894059973772316
2344.0,0,0.0,0.0,9.960758024066369,14,33.0,2.357142857142857,15.0,1.0714285714285714,0,7.0,2.0,6.4166680286418,1.4,1.4,5,0,7.0,0.4228011561282246
2352.0,0,0.0,0.0,8.971134345877756,10,15.0,1.5,0.0,0.0,0,0.0,0.0,6.886816134799901,0.0,0.0,5,0,0.0,0.4942219043642796
2360.0,1,0.0,0.0,9.53198896493937,14,0.0,0.0,0.0,0.0,1,0.0,0.0,7.725170968579109,0.0,0.0,7,1,0.0,0.5797160229636446
2368.0,2,3.0,0.2307692307692307,7.330752359829957,13,5.0,0.3846153846153846,5.0,0.3846153846153846,2,5.0,5.0,5.882165620550558,0.5555555555555556,0.5555555555555556,9,2,5.0,0.4615249529237471
2376.0,0,0.0,0.0,7.597542674967249,15,14.0,0.9333333333333332,9.0,0.6,0,3.0,0.0,7.379614295095797,0.3,0.3,10,0,3.0,0.5518119070575158
2384.0,1,0.0,0.0,9.208220187613662,19,10.0,0.5263157894736842,0.0,0.0,1,2.0,0.0,7.681518026319603,0.1818181818181818,0.1818181818181818,11,1,2.0,0.5508763882628543
2392.0,0,0.0,0.0,9.551585031056938,16,4.0,0.25,0.0,0.0,0,0.0,0.0,7.133933848428423,0.0,0.0,7,0,0.0,0.5021122300431619
2400.0,0,0.0,0.0,10.133717321429431,14,2.0,0.1428571428571428,0.0,0.0,0,0.0,0.0,10.325932235622902,0.0,0.0,6,0,0.0,0.7310629380638686
2408.0,1,0.0,0.0,9.735261421502784,16,0.0,0.0,0.0,0.0,1,0.0,0.0,8.429549315356116,0.0,0.0,5,1,0.0,0.663949917668919
2416.0,2,2.0,0.1176470588235294,8.803113628027932,17,2.0,0.1176470588235294,2.0,0.1176470588235294,2,2.0,2.0,7.4254050146180415,0.2857142857142857,0.2857142857142857,7,2,2.0,0.5778565812853639
2424.0,2,2.0,0.1052631578947368,7.823238351529177,19,7.0,0.3684210526315789,5.0,0.2631578947368421,1,2.0,0.0,6.45923803987571,0.2857142857142857,0.2857142857142857,7,1,2.0,0.5136296357845787
2432.0,2,2.0,0.1111111111111111,7.7240626112377315,18,15.0,0.8333333333333334,8.0,0.4444444444444444,2,2.0,0.0,6.573225798369634,0.2857142857142857,0.2857142857142857,7,2,2.0,0.5177255418872361
2440.0,3,5.0,0.25,7.170632361975301,20,22.0,1.1,7.0,0.35,2,5.0,3.0,5.7766487842307495,0.625,0.625,8,2,5.0,0.4671279909918008
2448.0,7,35.0,1.8421052631578947,5.897965090752374,19,44.0,2.3157894736842106,22.0,1.1578947368421053,6,34.0,29.0,3.94983868282972,2.833333333333333,2.833333333333333,12,6,34.0,0.298621888911482
2456.0,0,0.0,0.0,7.883792007593077,17,57.0,3.3529411764705883,13.0,0.7647058823529411,0,2.0,0.0,7.2591800378721985,0.25,0.25,8,0,2.0,0.5541086728064031
2464.0,1,3.0,0.15,9.4071758920136,20,52.0,2.6,0.0,0.0,0,0.0,0.0,8.177191385592154,0.0,0.0,7,0,0.0,0.5832758226188941
2472.0,4,8.0,0.5,6.127646363129061,16,13.0,0.8125,0.0,0.0,4,8.0,8.0,4.4125633375134425,0.6666666666666666,0.6666666666666666,12,4,8.0,0.3227315604785833
2480.0,1,0.0,0.0,6.8809356414389455,17,22.0,1.2941176470588236,9.0,0.5294117647058824,1,0.0,0.0,6.6909872757564495,0.0,0.0,9,1,0.0,0.5193527423570039
2488.0,5,19.0,0.76,6.901736051978536,25,43.0,1.72,21.0,0.84,5,19.0,19.0,4.033928893259664,1.3571428571428572,1.3571428571428572,14,5,19.0,0.2973792099354795
2496.0,2,1.0,0.0416666666666666,6.987383926768698,24,46.0,1.9166666666666667,3.0,0.125,1,6.0,0.0,6.625311254265421,0.5454545454545454,0.5454545454545454,11,1,6.0,0.4894392468398223
2504.0,5,21.0,0.6774193548387096,8.553526597267975,31,67.0,2.161290322580645,21.0,0.6774193548387096,2,9.0,3.0,6.84054038649261,1.2857142857142858,1.2857142857142858,7,2,9.0,0.4543404860588872
2512.0,8,74.0,3.363636363636364,7.204348189539249,22,75.0,3.409090909090909,8.0,0.3636363636363636,1,17.0,8.0,8.768995769552323,2.833333333333333,2.833333333333333,6,1,17.0,0.5920617471728209
2520.0,8,138.0,6.9,6.6340423901138905,20,139.0,6.95,64.0,3.2,1,25.0,8.0,6.714934540385824,5.0,5.0,5,1,25.0,0.5059213094675639
2528.0,10,202.0,10.63157894736842,5.945032814959694,19,203.0,10.68421052631579,64.0,3.3684210526315788,2,33.0,8.0,7.721025970070862,5.5,5.5,6,2,33.0,0.5673207895309863
2536.0,10,269.0,12.80952380952381,5.741987212473488,21,270.0,12.857142857142858,67.0,3.1904761904761907,2,41.0,8.0,8.150021840730387,4.555555555555555,4.555555555555555,9,2,41.0,0.6308602412599851
2544.0,8,126.0,6.0,4.765694845100048,21,333.0,15.857142857142858,63.0,3.0,2,5.0,0.0,5.825204642384142,0.625,0.625,8,2,5.0,0.4132356648267843
2552.0,6,22.0,0.9166666666666666,5.898022306326918,24,368.0,15.333333333333334,35.0,1.4583333333333333,4,100.0,95.0,4.9754053520105055,11.11111111111111,11.11111111111111,9,4,100.0,0.3575110676179054
2560.0,8,55.0,2.037037037037037,5.396497214846919,27,336.0,12.444444444444445,0.0,0.0,3,26.0,0.0,5.359457180024978,2.1666666666666665,2.1666666666666665,12,3,26.0,0.4049979998934461
2568.0,5,5.0,0.1612903225806451,5.820741947166073,31,369.0,11.903225806451612,33.0,1.064516129032258,3,100.0,74.0,5.611560177400278,8.333333333333334,8.333333333333334,12,3,100.0,0.4311599069349429
2576.0,8,25.0,0.7575757575757576,6.400083781377391,33,316.0,9.575757575757576,0.0,0.0,5,17.0,0.0,4.709912564452043,1.1333333333333333,1.1333333333333333,15,5,17.0,0.3703567674178449
2584.0,3,6.0,0.2142857142857142,6.025819234586438,28,313.0,11.178571428571429,0.0,0.0,2,108.0,91.0,6.190307081616492,10.8,10.8,10,2,108.0,0.4777750924289733
2592.0,9,30.0,1.0344827586206895,6.189255494032251,29,257.0,8.862068965517242,0.0,0.0,6,20.0,0.0,3.691326271046848,1.818181818181818,1.818181818181818,11,6,20.0,0.2715092519887905
2600.0,5,9.0,0.391304347826087,5.940307973346164,23,250.0,10.869565217391305,0.0,0.0,3,62.0,42.0,5.737529682078762,6.888888888888889,6.888888888888889,9,3,62.0,0.4358301334581347
2608.0,7,53.0,2.0384615384615383,8.155458951692,26,180.0,6.923076923076923,0.0,0.0,3,78.0,16.0,6.303281877872918,7.8,7.8,10,3,78.0,0.4930357278047329
2616.0,8,107.0,5.631578947368421,6.127167554777486,19,195.0,10.263157894736842,15.0,0.7894736842105263,4,100.0,22.0,5.911675629591671,11.11111111111111,11.11111111111111,9,4,100.0,0.4110695178013295
2624.0,7,74.0,3.363636363636364,4.457477208549827,22,255.0,11.590909090909092,60.0,2.727272727272727,4,30.0,0.0,3.9087818249732345,3.0,3.0,10,4,30.0,0.2438309549924404
2632.0,6,50.0,2.5,5.394175441534989,20,301.0,15.05,46.0,2.3,5,124.0,94.0,0.7149188869918168,17.714285714285715,17.714285714285715,7,5,124.0,0.0458280743996209
2640.0,6,51.0,2.55,6.41726063286078,20,248.0,12.4,0.0,0.0,2,94.0,0.0,2.977404469946596,18.8,18.8,5,2,94.0,0.2177282092887449
2648.0,8,99.0,5.5,5.961006363467559,18,282.0,15.666666666666666,34.0,1.8888888888888888,4,110.0,16.0,5.0600592918318,13.75,13.75,8,4,110.0,0.3867170595552096
2656.0,6,147.0,8.166666666666666,6.172834461826868,18,275.0,15.27777777777778,0.0,0.0,2,126.0,16.0,6.576380787939919,18.0,18.0,7,2,126.0,0.4787565918617431
2664.0,9,80.0,3.333333333333333,3.698044322572173,24,333.0,13.875,58.0,2.4166666666666665,3,11.0,0.0,4.905641926400919,1.1,1.1,10,3,11.0,0.3577670997622389
2672.0,6,30.0,1.1538461538461535,5.68138231090486,26,387.0,14.884615384615383,54.0,2.076923076923077,3,138.0,127.0,6.355477059732472,13.8,13.8,10,3,138.0,0.4453894453522989
2680.0,11,66.0,1.9411764705882355,5.2483032494482815,34,315.0,9.264705882352942,0.0,0.0,3,139.0,1.0,5.716885383718444,10.692307692307692,10.692307692307692,13,3,139.0,0.4315852527206252
2688.0,15,78.0,2.4375,3.920985713244632,32,395.0,12.34375,80.0,2.5,6,23.0,0.0,3.981969290824471,1.5333333333333334,1.5333333333333334,15,6,23.0,0.272516666396054
2696.0,7,39.0,1.2580645161290325,4.285676021356686,31,450.0,14.516129032258064,55.0,1.7741935483870968,4,95.0,72.0,2.8934267690337903,6.785714285714286,6.785714285714286,14,4,95.0,0.2242314980162794
2704.0,10,64.0,2.064516129032258,3.9936140017276567,31,357.0,11.516129032258064,0.0,0.0,2,96.0,1.0,3.335108926972357,8.727272727272727,8.727272727272727,11,2,96.0,0.230836852808862
2712.0,11,80.0,2.6666666666666665,3.79795100804562,30,421.0,14.033333333333331,64.0,2.1333333333333333,3,16.0,0.0,1.9101585070699,1.4545454545454546,1.4545454545454546,11,3,16.0,0.1423534541632975
2720.0,9,29.0,1.0,2.853392214661051,29,474.0,16.344827586206897,53.0,1.827586206896552,6,109.0,93.0,1.4738206372589486,9.083333333333334,9.083333333333334,12,6,109.0,0.1002594623824235
2728.0,14,108.0,3.857142857142857,3.993614149109067,28,460.0,16.428571428571427,0.0,0.0,4,125.0,16.0,3.25647959819027,17.857142857142858,17.857142857142858,7,4,125.0,0.2494216773125309
2736.0,18,205.0,8.2,2.100905579404473,25,579.0,23.16,119.0,4.76,3,105.0,0.0,2.0869172121283386,21.0,21.0,5,3,105.0,0.1597625419100861
2744.0,14,254.0,9.071428571428571,3.9314673982704655,28,694.0,24.785714285714285,115.0,4.107142857142857,1,8.0,0.0,5.67455706795266,1.6,1.6,5,1,8.0,0.4465024739120229
2752.0,7,7.0,0.21875,3.941740788736904,32,712.0,22.25,18.0,0.5625,1,128.0,120.0,4.173038509749699,18.285714285714285,18.285714285714285,7,1,128.0,0.3394129443075112
2760.0,11,80.0,2.4242424242424243,4.844421127769824,33,679.0,20.57575757575757,0.0,0.0,2,167.0,39.0,6.336992208595664,27.83333333333333,27.83333333333333,6,2,167.0,0.4898209258472126
2768.0,14,127.0,4.096774193548387,3.997284858319375,31,774.0,24.967741935483872,95.0,3.064516129032258,3,8.0,0.0,2.6406309150445697,2.0,2.0,4,3,8.0,0.2092992353184453
2776.0,8,114.0,3.8,4.013154116969398,30,774.0,25.8,0.0,0.0,1,76.0,68.0,5.27155202535888,38.0,38.0,2,1,76.0,0.370405911052412
2784.0,9,47.0,1.46875,3.895918902791986,32,677.0,21.15625,0.0,0.0,1,84.0,8.0,3.4125082051963544,42.0,42.0,2,1,84.0,0.2053820161841876
2792.0,18,159.0,4.818181818181818,2.050232325387524,33,779.0,23.60606060606061,102.0,3.090909090909091,1,92.0,8.0,3.9392641332931815,46.0,46.0,2,1,92.0,0.335438942030626
2800.0,24,324.0,9.257142857142858,0.878863189896756,35,935.0,26.714285714285715,156.0,4.457142857142857,1,100.0,8.0,4.198465866164708,33.333333333333336,33.333333333333336,3,1,100.0,0.3513103891379253
2808.0,34,549.0,12.767441860465116,1.1184323211688183,43,1160.0,26.976744186046517,225.0,5.232558139534884,2,108.0,8.0,4.214089842932299,27.0,27.0,4,2,108.0,0.2804660429114911
2816.0,35,587.0,12.76086956521739,1.4474180696700305,46,1437.0,31.23913043478261,277.0,6.021739130434782,2,7.0,0.0,2.4815108401194954,1.4,1.4,5,2,7.0,0.1582572505433532
2824.0,22,400.0,8.88888888888889,2.6075063067893947,45,1641.0,36.46666666666667,204.0,4.533333333333333,3,187.0,180.0,3.217891488802423,46.75,46.75,4,3,187.0,0.2487403569037167
2832.0,21,329.0,7.0,3.2895763071716817,47,1618.0,34.42553191489362,0.0,0.0,3,223.0,36.0,1.388127287656448,55.75,55.75,4,3,223.0,0.1010037825035723
2840.0,15,185.0,4.111111111111111,2.8407285591032445,45,1621.0,36.022222222222226,3.0,0.0666666666666666,1,16.0,0.0,4.797022822899235,4.0,4.0,4,1,16.0,0.3390568242325528
2848.0,9,39.0,0.9069767441860463,3.556240228140084,43,1598.0,37.16279069767442,0.0,0.0,3,235.0,219.0,2.408170543980502,58.75,58.75,4,3,235.0,0.1726589821539298
2856.0,12,51.0,1.2439024390243902,3.5687540856681235,41,1439.0,35.09756097560975,0.0,0.0,2,251.0,16.0,2.0817145474099865,83.66666666666667,83.66666666666667,3,2,251.0,0.1435194571033934
2864.0,8,43.0,1.0,3.7395108887621538,43,1456.0,33.86046511627907,17.0,0.3953488372093023,1,1.0,0.0,6.060440308080077,0.1428571428571428,0.1428571428571428,7,1,1.0,0.4432028302622214
2872.0,12,49.0,1.195121951219512,3.3435861820983077,41,1459.0,35.58536585365854,3.0,0.073170731707317,5,256.0,255.0,3.543704533446961,32.0,32.0,8,5,256.0,0.2378915360775876
2880.0,16,137.0,3.341463414634146,3.7558272718777226,41,1322.0,32.24390243902439,0.0,0.0,2,253.0,0.0,0.0,126.5,126.5,2,2,253.0,0.0
2888.0,20,244.0,6.971428571428572,3.230120401351781,35,1472.0,42.05714285714286,150.0,4.285714285714286,2,269.0,16.0,2.396920264024171,89.66666666666667,89.66666666666667,3,2,269.0,0.1638151201872762
2896.0,18,256.0,7.757575757575758,2.521080833369586,33,1585.0,48.03030303030303,113.0,3.4242424242424243,2,285.0,16.0,3.0831795808796305,47.5,47.5,6,2,285.0,0.2194605552885563
2904.0,12,128.0,3.878787878787879,2.878425383579923,33,1558.0,47.21212121212121,0.0,0.0,4,77.0,0.0,5.035646756824921,9.625,9.625,8,4,77.0,0.3432475560811495
2912.0,7,39.0,1.1470588235294117,5.283620151710999,34,1555.0,45.73529411764706,0.0,0.0,2,76.0,0.0,4.680644476632281,25.33333333333333,25.33333333333333,3,2,76.0,0.3269551064860158
2920.0,9,91.0,2.757575757575758,5.047266466782439,33,1141.0,34.57575757575758,0.0,0.0,1,84.0,8.0,7.09119145127374,21.0,21.0,4,1,84.0,0.5313486798602828
2928.0,3,41.0,1.3666666666666667,3.7309808760979553,30,1110.0,37.0,0.0,0.0,0,0.0,0.0,5.962786426465395,0.0,0.0,5,0,0.0,0.4467365111718197
2944.0,3,16.0,0.4444444444444444,5.039418429006251,36,964.0,26.77777777777778,0.0,0.0,0,0.0,0.0,7.936804382513586,0.0,0.0,4,0,0.0,0.6199223777238664
2952.0,5,10.0,0.3225806451612903,3.475868072686961,31,870.0,28.06451612903226,0.0,0.0,2,150.0,150.0,5.24438668140146,37.5,37.5,4,2,150.0,0.4644212417454124
2960.0,5,35.0,1.206896551724138,4.461940090900684,29,700.0,24.13793103448276,0.0,0.0,2,166.0,16.0,0.0,83.0,83.0,2,2,166.0,0.0
2976.0,2,1.0,0.0454545454545454,3.389301520783281,22,340.0,15.454545454545457,0.0,0.0,1,46.0,46.0,3.991596463601033,23.0,23.0,2,1,46.0,0.2844910473811278
2984.0,3,5.0,0.2,3.68605576055483,25,107.0,4.28,0.0,0.0,1,2.0,0.0,3.285359887028134,0.5,0.5,4,1,2.0,0.229194959864747
2992.0,1,1.0,0.0357142857142857,5.027149697081701,28,109.0,3.892857142857143,2.0,0.0714285714285714,0,0.0,0.0,9.394223719039829,0.0,0.0,2,0,0.0,0.736756784256556
3000.0,4,4.0,0.1481481481481481,3.651299579509742,27,59.0,2.185185185185185,0.0,0.0,1,1.0,1.0,0.0069339017165792,1.0,1.0,1,1,1.0,0.0004739085364643
3008.0,0,0.0,0.0,3.869439836073694,23,38.0,1.6521739130434785,0.0,0.0,0,0.0,0.0,1.612987138517201,0.0,0.0,1,0,0.0,0.0954734577202995
3016.0,1,0.0,0.0,4.792696086255051,24,32.0,1.3333333333333333,0.0,0.0,1,0.0,0.0,7.390439057278252,0.0,0.0,5,1,0.0,0.5033166509020113
3024.0,1,0.0,0.0,5.9740216819399095,27,16.0,0.5925925925925926,0.0,0.0,0,0.0,0.0,8.668865826555516,0.0,0.0,5,0,0.0,0.6452502080190937
3032.0,1,4.0,0.1379310344827586,5.919755621852411,29,21.0,0.7241379310344828,5.0,0.1724137931034483,1,4.0,4.0,8.776277530928056,0.6666666666666666,0.6666666666666666,6,1,4.0,0.5672076937468512
3040.0,3,13.0,0.3823529411764705,6.021080300134298,34,35.0,1.0294117647058822,14.0,0.4117647058823529,2,12.0,8.0,7.673566632875054,1.5,1.5,8,2,12.0,0.5146101584293359
3048.0,3,6.0,0.1818181818181818,5.734659477657286,33,47.0,1.4242424242424243,12.0,0.3636363636363636,1,0.0,0.0,7.134649670327046,0.0,0.0,10,1,0.0,0.5190990267964528
3056.0,8,53.0,1.962962962962963,5.285624867002663,27,87.0,3.2222222222222223,40.0,1.4814814814814814,1,3.0,3.0,7.1909523711141095,0.4285714285714285,0.4285714285714285,7,1,3.0,0.5370832119968847
3064.0,8,37.0,1.681818181818182,4.4867791176914364,22,137.0,6.227272727272728,50.0,2.272727272727273,0,0.0,0.0,7.502454104227946,0.0,0.0,1,0,0.0,0.5333520932974688
3072.0,4,22.0,1.1578947368421053,5.313665826815701,19,154.0,8.105263157894736,17.0,0.8947368421052632,0,0.0,0.0,8.745484869951731,0.0,0.0,2,0,0.0,0.6582982968133104
3080.0,3,8.0,0.4444444444444444,4.6229956682016695,18,180.0,10.0,26.0,1.4444444444444444,0,23.0,23.0,5.924359942385306,3.8333333333333335,3.8333333333333335,6,0,23.0,0.4576999144354025
3088.0,1,6.0,0.3529411764705882,7.312035768768901,17,167.0,9.823529411764708,0.0,0.0,1,50.0,27.0,9.15300363323558,8.333333333333334,8.333333333333334,6,1,50.0,0.6329704266904455
3096.0,3,5.0,0.2631578947368421,4.144527207885727,19,161.0,8.473684210526315,0.0,0.0,2,30.0,0.0,2.5026019260256978,4.285714285714286,4.285714285714286,7,2,30.0,0.1797152220198669
3104.0,5,13.0,0.5909090909090909,5.2314620783692725,22,192.0,8.727272727272727,31.0,1.4090909090909092,4,32.0,2.0,4.199718335320881,3.2,3.2,10,4,32.0,0.2985847077165037
3112.0,7,31.0,1.2916666666666667,5.398536526780908,24,183.0,7.625,0.0,0.0,5,48.0,16.0,4.467572587554456,3.692307692307693,3.692307692307693,13,5,48.0,0.3247284123608549
3120.0,6,23.0,0.92,6.408833128997698,25,221.0,8.84,38.0,1.52,1,28.0,0.0,6.222573230361521,2.8,2.8,10,1,28.0,0.458189381829743
3128.0,5,15.0,0.6,7.945685947471441,25,189.0,7.56,0.0,0.0,5,17.0,0.0,3.04770061357656,1.8888888888888888,1.8888888888888888,9,5,17.0,0.2280859739359066
3136.0,2,3.0,0.2,7.942668937042894,15,140.0,9.333333333333334,0.0,0.0,2,54.0,37.0,4.718842827906369,7.714285714285714,7.714285714285714,7,2,54.0,0.3701666925464674
3144.0,4,11.0,0.8461538461538461,6.550307501917203,13,103.0,7.923076923076923,0.0,0.0,4,18.0,0.0,1.5134093934615456,3.0,3.0,6,4,18.0,0.1146191507611127
3152.0,0,0.0,0.0,9.551302849698736,9,90.0,10.0,0.0,0.0,0,6.0,0.0,8.980704412071242,2.0,2.0,3,0,6.0,0.7087396276756976
3160.0,2,2.0,0.2,8.656594433221077,10,37.0,3.7,0.0,0.0,2,2.0,0.0,5.258206558249109,0.4,0.4,5,2,2.0,0.4600259706743196
3168.0,1,0.0,0.0,7.592108720055723,8,5.0,0.625,0.0,0.0,0,0.0,0.0,7.914148495440372,0.0,0.0,3,0,0.0,0.5718264837978216
3176.0,1,0.0,0.0,10.30770161029567,9,5.0,0.5555555555555556,0.0,0.0,0,0.0,0.0,12.371719567451404,0.0,0.0,1,0,0.0,0.9323889519227572
3184.0,0,0.0,0.0,8.800110580131001,8,0.0,0.0,0.0,0.0,0,0.0,0.0,6.691346118500111,0.0,0.0,4,0,0.0,0.4975027037905818
3192.0,0,0.0,0.0,9.36560724231266,14,2.0,0.1428571428571428,2.0,0.1428571428571428,0,0.0,0.0,8.354337591548038,0.0,0.0,9,0,0.0,0.5797979664837428
3200.0,6,20.0,1.1111111111111112,5.577749656516287,18,22.0,1.2222222222222223,20.0,1.1111111111111112,6,20.0,20.0,4.040467714390038,1.4285714285714286,1.4285714285714286,14,6,20.0,0.3048073824941061
3208.0,12,84.0,4.0,3.578065455596907,21,84.0,4.0,62.0,2.952380952380953,11,84.0,64.0,2.791031019691692,4.666666666666667,4.666666666666667,18,11,84.0,0.2030683094832313
3216.0,5,76.0,3.4545454545454546,6.085772546329341,22,151.0,6.863636363636363,67.0,3.0454545454545454,5,82.0,0.0,4.43222498750744,5.857142857142857,5.857142857142857,14,5,82.0,0.3186501706467529
3224.0,1,2.0,0.0833333333333333,9.460616698052911,24,159.0,6.625,8.0,0.3333333333333333,0,5.0,0.0,7.229596555192889,1.0,1.0,5,0,5.0,0.5300885310297327
3232.0,3,7.0,0.3888888888888889,8.944724722471127,18,108.0,6.0,0.0,0.0,3,12.0,7.0,5.54926280812169,1.5,1.5,8,3,12.0,0.4142401308058457
3240.0,0,0.0,0.0,9.272466161078086,14,27.0,1.9285714285714288,0.0,0.0,0,0.0,0.0,10.0019283500228,0.0,0.0,6,0,0.0,0.7649466832599092
3248.0,1,4.0,0.25,9.704370499714988,16,31.0,1.9375,4.0,0.25,1,4.0,4.0,6.327579043013185,0.8,0.8,5,1,4.0,0.4778357901650529
3256.0,4,18.0,1.0588235294117647,8.425565597445646,17,18.0,1.0588235294117647,0.0,0.0,3,12.0,8.0,7.500779078875854,1.2,1.2,10,3,12.0,0.5451416666511281
3264.0,4,14.0,0.875,5.821882112476316,16,41.0,2.5625,23.0,1.4375,4,14.0,2.0,4.148651508533759,1.2727272727272727,1.2727272727272727,11,4,14.0,0.3112681478259587
3272.0,1,5.0,0.2941176470588235,9.008503771386058,17,65.0,3.823529411764706,24.0,1.411764705882353,1,7.0,0.0,8.709385582467448,0.875,0.875,8,1,7.0,0.6706933107334642
3280.0,3,14.0,0.6363636363636364,8.799487654295342,22,49.0,2.227272727272727,0.0,0.0,2,15.0,8.0,6.493939959215273,1.6666666666666667,1.6666666666666667,9,2,15.0,0.5466204289767338
3288.0,4,37.0,1.761904761904762,7.641423297684906,21,39.0,1.8571428571428568,0.0,0.0,2,23.0,8.0,7.3080097141072144,2.3,2.3,10,2,23.0,0.5474444604597197
3296.0,5,11.0,0.4583333333333333,7.480273448976842,24,57.0,2.375,18.0,0.75,4,14.0,0.0,5.114894839138523,1.0769230769230769,1.0769230769230769,13,4,14.0,0.3767162230255382
3304.0,0,0.0,0.0,7.200501659856305,20,65.0,3.25,8.0,0.4,0,8.0,0.0,4.635717689456979,1.1428571428571428,1.1428571428571428,7,0,8.0,0.3232441026674378
3312.0,0,0.0,0.0,7.841595246848032,20,49.0,2.45,0.0,0.0,0,7.0,0.0,1.0267107400460564,1.75,1.75,4,0,7.0,0.0771202074671935
3320.0,1,2.0,0.1666666666666666,7.360649682453554,12,27.0,2.25,0.0,0.0,1,2.0,0.0,3.453212783269646,0.4,0.4,5,1,2.0,0.2600178952512764
3328.0,3,6.0,0.8571428571428571,5.4925657747292576,7,17.0,2.4285714285714284,0.0,0.0,3,6.0,4.0,0.0052269251125353,2.0,2.0,3,3,6.0,0.0003739538887265
3336.0,0,0.0,0.0,9.676761542556523,5,22.0,4.4,5.0,1.0,0,0.0,0.0,6.4703040042553726,0.0,0.0,1,0,0.0,0.4199797475031847
3344.0,2,6.0,1.0,5.723532981243335,6,19.0,3.1666666666666665,0.0,0.0,1,6.0,6.0,3.53878677887066,2.0,2.0,3,1,6.0,0.2368663849136419
3360.0,0,0.0,0.0,8.440338825173322,7,9.0,1.2857142857142858,0.0,0.0,0,0.0,0.0,1.3558545439271257,0.0,0.0,1,0,0.0,0.1173182200256186
3368.0,0,0.0,0.0,6.169419676179615,8,0.0,0.0,0.0,0.0,0,0.0,0.0,2.3792579533707587,0.0,0.0,2,0,0.0,0.163292839529997
3376.0,1,0.0,0.0,7.860137813230605,13,3.0,0.2307692307692307,3.0,0.2307692307692307,0,0.0,0.0,4.808777423563879,0.0,0.0,2,0,0.0,0.2979615591074561
3384.0,2,4.0,0.4444444444444444,5.202231627962962,9,7.0,0.7777777777777778,4.0,0.4444444444444444,2,4.0,4.0,0.0370907711349616,2.0,2.0,2,2,4.0,0.0023520893534761
3392.0,1,0.0,0.0,5.168912414041459,9,10.0,1.1111111111111112,3.0,0.3333333333333333,0,0.0,0.0,3.1177715601399543,0.0,0.0,1,0,0.0,0.2310374944656318
3400.0,0,0.0,0.0,7.736405448634195,14,10.0,0.7142857142857143,0.0,0.0,0,0.0,0.0,8.090479248888713,0.0,0.0,4,0,0.0,0.5810174956826979
3408.0,3,12.0,0.8571428571428571,4.148868423820167,14,12.0,0.8571428571428571,2.0,0.1428571428571428,3,12.0,12.0,2.1738526319134364,2.4,2.4,5,3,12.0,0.1587165515577712
3416.0,4,44.0,3.142857142857143,5.334116612231967,14,44.0,3.142857142857143,32.0,2.2857142857142856,4,44.0,32.0,3.4570371417755688,7.333333333333333,7.333333333333333,6,4,44.0,0.2562737015528586
3432.0,1,1.0,0.0666666666666666,8.697296155132246,15,60.0,4.0,2.0,0.1333333333333333,0,0.0,0.0,4.79737464885693,0.0,0.0,1,0,0.0,0.3225537049801049
3440.0,1,2.0,0.2,6.164475671389328,10,5.0,0.5,0.0,0.0,1,2.0,2.0,0.001363937106656,2.0,2.0,1,1,2.0,9.170494266412516e-05
3448.0,2,3.0,0.3333333333333333,4.815932691149371,9,8.0,0.8888888888888888,3.0,0.3333333333333333,1,2.0,0.0,4.463440808017372,1.0,1.0,2,1,2.0,0.3475329307781988
3456.0,3,10.0,0.6666666666666666,4.91193613829669,15,17.0,1.1333333333333333,9.0,0.6,2,10.0,8.0,2.4557282039302444,2.5,2.5,4,2,10.0,0.1923161414308437
3464.0,1,0.0,0.0,7.784716529164348,18,14.0,0.7777777777777778,0.0,0.0,0,0.0,0.0,9.708155658255354,0.0,0.0,6,0,0.0,0.6715198720388197
3472.0,2,2.0,0.1,7.179850626907671,20,15.0,0.75,1.0,0.05,0,0.0,0.0,7.243571247129959,0.0,0.0,3,0,0.0,0.479902708297097
3480.0,0,0.0,0.0,7.137225669100998,20,15.0,0.75,0.0,0.0,0,4.0,4.0,3.3917640341215787,1.3333333333333333,1.3333333333333333,3,0,4.0,0.2503362919714945
3488.0,1,5.0,0.2777777777777778,6.799379557387297,18,20.0,1.1111111111111112,5.0,0.2777777777777778,1,5.0,1.0,6.65713855642793,1.25,1.25,4,1,5.0,0.504869593405187
3496.0,1,13.0,0.8666666666666667,7.214494217940915,15,13.0,0.8666666666666667,0.0,0.0,1,13.0,8.0,5.500566791342975,6.5,6.5,2,1,13.0,0.4496199162616672
3504.0,5,25.0,1.7857142857142858,3.899891446559446,14,30.0,2.142857142857143,17.0,1.2142857142857142,2,21.0,8.0,3.844432864299355,7.0,7.0,3,2,21.0,0.2615264066675353
3512.0,3,29.0,1.6111111111111112,6.731139000046556,18,40.0,2.2222222222222223,10.0,0.5555555555555556,2,29.0,8.0,0.0,14.5,14.5,2,2,29.0,0.0
3520.0,2,37.0,2.176470588235294,5.287324820369103,17,43.0,2.5294117647058822,3.0,0.1764705882352941,2,37.0,8.0,4.611475773941147,12.333333333333334,12.333333333333334,3,2,37.0,0.3106137885305911
3528.0,2,45.0,2.142857142857143,5.771542600589764,21,47.0,2.238095238095238,4.0,0.1904761904761904,1,45.0,8.0,4.434757512179204,15.0,15.0,3,1,45.0,0.3180207081639252
3536.0,7,81.0,3.24,5.720457962162476,25,82.0,3.28,35.0,1.4,2,53.0,8.0,0.0,26.5,26.5,2,2,53.0,0.0
3544.0,5,39.0,1.625,5.860155201633103,24,132.0,5.5,50.0,2.083333333333333,0,0.0,0.0,7.117301679926047,0.0,0.0,4,0,0.0,0.5283565959047831
3552.0,1,1.0,0.0434782608695652,6.036635943299882,23,140.0,6.086956521739131,8.0,0.3478260869565217,0,0.0,0.0,6.468487928644754,0.0,0.0,4,0,0.0,0.471995954255737
3560.0,5,15.0,0.6818181818181818,6.0335691836471455,22,70.0,3.1818181818181817,0.0,0.0,1,0.0,0.0,7.102226458979186,0.0,0.0,4,1,0.0,0.5814222194773688
3568.0,9,66.0,3.3,5.784919621114067,20,110.0,5.5,40.0,2.0,0,0.0,0.0,11.253905860417964,0.0,0.0,2,0,0.0,0.7480542417080278
3576.0,7,71.0,4.176470588235294,5.342677980344587,17,180.0,10.588235294117649,70.0,4.117647058823529,1,4.0,4.0,0.0002678253250378,4.0,4.0,1,1,4.0,1.5497396439726056e-05
3584.0,1,12.0,0.8571428571428571,4.78035714556728,14,160.0,11.428571428571429,0.0,0.0,1,8.0,4.0,1.032025199662894,4.0,4.0,2,1,8.0,0.0789109354259443
3592.0,0,0.0,0.0,7.753673599379511,13,114.0,8.76923076923077,0.0,0.0,0,0.0,0.0,11.690061547905698,0.0,0.0,2,0,0.0,0.835215233180314
3600.0,2,2.0,0.1538461538461538,5.745593670474523,13,44.0,3.3846153846153846,0.0,0.0,1,1.0,1.0,2.3136982832372137,0.5,0.5,2,1,1.0,0.1522818329575729
