step,system_total_stopped,system_total_waiting_time,system_mean_waiting_time,system_mean_speed,system_cars_present,system_accumulated_waiting_time (100),system_accumulated_mean_waiting_time (100),system_accumulated_waiting_time (delta),system_accumulated_mean_waiting_time (delta),agents_total_stopped,agents_total_accumulated_waiting_time (100),agents_total_accumulated_waiting_time (delta),agents_mean_speed,agents_mean_waiting_time (100),agents_mean_waiting_time (delta),agents_cars_present,Col1_1_stopped,Col1_1_accumulated_waiting_time,Col1_1_average_speed
8.0,1,0.0,0.0,5.4636110218474645,2,0.0,0.0,0.0,0.0,0,0.0,0.0,10.927222043694927,0.0,0.0,1,0,0.0,0.6897058233002138
16.0,1,4.0,1.3333333333333333,7.402747044725895,3,4.0,1.3333333333333333,4.0,1.3333333333333333,1,4.0,4.0,4.180441902363138,2.0,2.0,2,1,4.0,0.3227476744776441
24.0,1,0.0,0.0,7.506675821986031,8,7.0,0.875,3.0,0.375,1,0.0,0.0,5.739219882677854,0.0,0.0,5,1,0.0,0.379706595170606
32.0,0,0.0,0.0,13.376543332644529,6,0.0,0.0,0.0,0.0,0,0.0,0.0,13.844466713834812,0.0,0.0,4,0,0.0,0.8635415365250677
40.0,0,0.0,0.0,12.346700344664244,6,0.0,0.0,0.0,0.0,0,0.0,0.0,13.64423445058687,0.0,0.0,4,0,0.0,0.9348921423526418
48.0,0,0.0,0.0,9.225344044505682,9,0.0,0.0,0.0,0.0,0,0.0,0.0,9.076335467639929,0.0,0.0,7,0,0.0,0.5937612968336897
56.0,1,4.0,0.3333333333333333,8.90822399813237,12,8.0,0.6666666666666666,8.0,0.6666666666666666,1,4.0,4.0,6.427985133263556,0.5714285714285714,0.5714285714285714,7,1,4.0,0.3873850015191475
64.0,5,26.0,2.1666666666666665,4.8559972292919165,12,26.0,2.1666666666666665,18.0,1.5,5,26.0,22.0,3.90497161078269,2.363636363636364,2.363636363636364,11,5,26.0,0.2330986775199739
72.0,9,74.0,4.933333333333334,2.966771275742353,15,74.0,4.933333333333334,48.0,3.2,9,74.0,48.0,2.067546885613623,5.285714285714286,5.285714285714286,14,9,74.0,0.1171908365488112
80.0,3,6.0,0.3,4.989763426602073,20,123.0,6.15,49.0,2.45,3,54.0,0.0,4.080401870489331,3.375,3.375,16,3,54.0,0.2546260299617436
88.0,1,0.0,0.0,11.370987439879348,22,54.0,2.4545454545454546,0.0,0.0,1,0.0,0.0,9.39486162378176,0.0,0.0,13,1,0.0,0.5915767145434726
96.0,1,0.0,0.0,10.559214118442249,19,1.0,0.0526315789473684,0.0,0.0,1,1.0,1.0,9.095865799496451,0.0714285714285714,0.0714285714285714,14,1,1.0,0.6101934366452316
104.0,3,8.0,0.4444444444444444,9.696868629222989,18,9.0,0.5,8.0,0.4444444444444444,3,9.0,8.0,9.041515086941349,0.5625,0.5625,16,3,9.0,0.5906386209149873
112.0,3,14.0,0.6086956521739131,7.837876320248342,23,27.0,1.173913043478261,18.0,0.782608695652174,3,15.0,6.0,7.543459845950134,0.8333333333333334,0.8333333333333334,18,3,15.0,0.4755576864822826
120.0,7,56.0,2.4347826086956523,8.686317717856536,23,57.0,2.4782608695652173,30.0,1.3043478260869563,7,57.0,42.0,5.746627901881104,3.3529411764705883,3.3529411764705883,17,7,57.0,0.3987945388959123
128.0,10,121.0,5.260869565217392,5.726068397507696,23,122.0,5.304347826086956,65.0,2.8260869565217392,10,122.0,65.0,4.42556453245356,6.421052631578948,6.421052631578948,19,10,122.0,0.2940716756175354
136.0,3,15.0,0.6,6.587930350396168,25,173.0,6.92,51.0,2.04,3,68.0,0.0,6.184389780821991,3.5789473684210527,3.5789473684210527,19,3,68.0,0.4164267343021847
144.0,8,27.0,1.08,7.1082291643909805,25,137.0,5.48,0.0,0.0,8,94.0,26.0,5.296050887334243,5.875,5.875,16,8,94.0,0.3755022720882584
152.0,12,102.0,3.7777777777777777,7.011257705251229,27,171.0,6.333333333333333,34.0,1.2592592592592593,11,163.0,69.0,4.74859475475763,8.15,8.15,20,11,163.0,0.3235364067636382
160.0,7,74.0,2.642857142857143,7.056015259940894,28,232.0,8.285714285714286,61.0,2.1785714285714284,7,154.0,0.0,6.241265794075709,6.695652173913044,6.695652173913044,23,7,154.0,0.3902857309005988
168.0,10,115.0,3.9655172413793114,7.309268181670634,29,186.0,6.413793103448276,0.0,0.0,10,102.0,0.0,5.433597789612397,4.434782608695652,4.434782608695652,23,10,102.0,0.3483371664601202
176.0,7,88.0,2.75,6.877041839535226,32,178.0,5.5625,0.0,0.0,7,123.0,21.0,5.738822603918532,4.92,4.92,25,7,123.0,0.3624730770688504
184.0,16,179.0,5.59375,4.571914996725136,32,231.0,7.21875,53.0,1.65625,16,214.0,91.0,4.310082067056757,6.903225806451613,6.903225806451613,31,16,214.0,0.2852011795094351
192.0,13,98.0,2.5789473684210527,4.891584396852163,38,358.0,9.421052631578949,127.0,3.3421052631578947,13,202.0,0.0,4.55334400569074,5.941176470588236,5.941176470588236,34,13,202.0,0.2876826729344857
200.0,12,39.0,0.975,4.550556885226589,40,288.0,7.2,0.0,0.0,12,220.0,18.0,4.134629679603575,6.111111111111111,6.111111111111111,36,12,220.0,0.2636040729252547
208.0,15,106.0,2.65,6.232734334274115,40,313.0,7.825,25.0,0.625,15,227.0,7.0,4.7213251223122965,7.09375,7.09375,32,15,227.0,0.2984533507425006
216.0,18,235.0,6.351351351351352,5.265353258786095,37,352.0,9.513513513513514,39.0,1.054054054054054,18,347.0,120.0,4.427998825341081,11.193548387096774,11.193548387096774,31,18,347.0,0.297486363658445
224.0,12,137.0,3.702702702702703,5.256317354840874,37,471.0,12.72972972972973,119.0,3.216216216216216,12,308.0,0.0,4.463927416797237,9.625,9.625,32,12,308.0,0.3149188645052291
232.0,9,30.0,0.7692307692307693,5.059166862132847,39,376.0,9.64102564102564,0.0,0.0,8,361.0,53.0,4.635917113925795,10.93939393939394,10.93939393939394,33,8,361.0,0.3159589478770628
240.0,18,138.0,3.5384615384615383,4.778606400989241,39,469.0,12.025641025641026,93.0,2.3846153846153846,17,468.0,107.0,3.724813568827378,14.181818181818182,14.181818181818182,33,17,468.0,0.257259820158317
248.0,16,128.0,3.45945945945946,3.9377406948099023,37,619.0,16.72972972972973,150.0,4.054054054054054,16,423.0,0.0,3.63868822935398,12.818181818181818,12.818181818181818,33,16,423.0,0.2593526391132294
256.0,5,42.0,1.135135135135135,6.989151907165548,37,547.0,14.783783783783784,0.0,0.0,5,237.0,0.0,4.858417088217336,8.464285714285714,8.464285714285714,28,5,237.0,0.3417109139857107
264.0,6,19.0,0.59375,5.453155290519657,32,266.0,8.3125,0.0,0.0,6,243.0,6.0,5.258472520012387,8.379310344827585,8.379310344827585,29,6,243.0,0.3684880869450095
272.0,16,112.0,2.871794871794872,4.073414125479717,39,348.0,8.923076923076923,82.0,2.102564102564102,16,337.0,94.0,3.4737601884459464,9.911764705882351,9.911764705882351,34,16,337.0,0.2377109636517309
280.0,14,107.0,2.4318181818181817,4.594393138363768,44,491.0,11.159090909090908,143.0,3.25,14,319.0,0.0,3.189083360727847,8.86111111111111,8.86111111111111,36,14,319.0,0.2272798145746773
288.0,8,56.0,1.2444444444444445,7.03875743126756,45,408.0,9.066666666666666,0.0,0.0,8,208.0,0.0,5.033174902597747,6.117647058823529,6.117647058823529,34,8,208.0,0.3548623870004164
296.0,10,65.0,1.4444444444444444,6.641642853596895,45,239.0,5.311111111111111,0.0,0.0,10,182.0,0.0,5.740816834578621,4.666666666666667,4.666666666666667,39,10,182.0,0.402239645979745
304.0,14,67.0,1.3137254901960784,5.221504070670041,51,276.0,5.411764705882353,37.0,0.7254901960784313,13,206.0,24.0,4.1539326039048,5.421052631578948,5.421052631578948,38,13,206.0,0.2908956254779672
312.0,20,190.0,3.725490196078432,5.965245982854959,51,331.0,6.490196078431373,55.0,1.0784313725490196,20,310.0,104.0,4.455057630971387,8.378378378378379,8.378378378378379,37,20,310.0,0.2967347675518011
320.0,25,374.0,6.925925925925926,5.286957287223727,54,503.0,9.314814814814817,172.0,3.185185185185185,22,475.0,165.0,3.893128586985972,12.83783783783784,12.83783783783784,37,22,475.0,0.2573676358523545
328.0,27,558.0,10.73076923076923,5.313827811029502,52,718.0,13.807692307692308,215.0,4.134615384615385,27,680.0,205.0,3.31349253589683,17.894736842105264,17.894736842105264,38,27,680.0,0.2245985851538333
336.0,24,415.0,7.155172413793103,5.1993606722658186,58,894.0,15.413793103448276,176.0,3.034482758620689,23,706.0,26.0,3.2144224069086595,17.21951219512195,17.21951219512195,41,23,706.0,0.2150209015170467
344.0,14,119.0,2.163636363636364,6.5236066153155,55,834.0,15.163636363636364,0.0,0.0,13,492.0,0.0,4.349226682981591,13.297297297297296,13.297297297297296,37,13,492.0,0.2838749466896845
352.0,6,15.0,0.3,6.042304890427292,50,552.0,11.04,0.0,0.0,6,451.0,0.0,4.728583637062591,12.52777777777778,12.52777777777778,36,6,451.0,0.3358751521109027
360.0,9,49.0,1.0425531914893618,5.77053146130159,47,530.0,11.27659574468085,0.0,0.0,9,474.0,23.0,4.1036671846918855,13.542857142857144,13.542857142857144,35,9,474.0,0.288821335770881
368.0,10,53.0,1.06,5.593409430664516,50,584.0,11.68,54.0,1.08,10,382.0,0.0,3.553900442858677,11.235294117647058,11.235294117647058,34,10,382.0,0.2633646595585029
376.0,5,39.0,0.78,7.493655293345554,50,436.0,8.72,0.0,0.0,5,171.0,0.0,4.210778117227706,6.107142857142857,6.107142857142857,28,5,171.0,0.3032107085679084
384.0,6,63.0,1.4,8.354303286768145,45,207.0,4.6,0.0,0.0,5,94.0,0.0,5.855142253428385,4.086956521739131,4.086956521739131,23,5,94.0,0.41804610951447
392.0,8,21.0,0.5675675675675675,5.290405601868232,37,151.0,4.081081081081081,0.0,0.0,6,97.0,3.0,4.054740440318746,4.619047619047619,4.619047619047619,21,6,97.0,0.273541349212443
400.0,9,34.0,0.8717948717948718,4.551600199210672,39,226.0,5.794871794871795,75.0,1.9230769230769231,7,118.0,21.0,2.7226851210518674,5.363636363636363,5.363636363636363,22,7,118.0,0.179936896406826
408.0,10,30.0,0.6976744186046512,4.812816359544578,43,247.0,5.744186046511628,21.0,0.4883720930232558,10,133.0,15.0,2.8565012589426004,5.541666666666667,5.541666666666667,24,10,133.0,0.1913783742792016
416.0,14,99.0,2.020408163265306,5.2716521836543535,49,321.0,6.551020408163265,74.0,1.510204081632653,13,191.0,58.0,3.461238032467516,7.346153846153846,7.346153846153846,26,13,191.0,0.2280083173053595
424.0,15,141.0,2.5636363636363635,6.090767657954579,55,392.0,7.127272727272727,71.0,1.290909090909091,9,215.0,24.0,4.061286982258506,7.413793103448276,7.413793103448276,29,9,215.0,0.2697593231709104
432.0,23,229.0,3.7540983606557377,5.790430556467562,61,526.0,8.62295081967213,134.0,2.19672131147541,21,350.0,135.0,3.7350646356263417,9.45945945945946,9.45945945945946,37,21,350.0,0.2507899574840345
440.0,16,104.0,1.4857142857142858,5.551803675589956,70,638.0,9.114285714285714,112.0,1.6,14,320.0,0.0,3.409248265923177,8.205128205128204,8.205128205128204,39,14,320.0,0.2408641959644606
448.0,16,57.0,0.8636363636363636,5.273383553640208,66,545.0,8.257575757575758,0.0,0.0,16,319.0,0.0,3.232456027887291,8.179487179487179,8.179487179487179,39,16,319.0,0.2150015711776146
456.0,15,46.0,0.7076923076923077,4.599263205469192,65,567.0,8.723076923076922,22.0,0.3384615384615385,13,265.0,0.0,2.9785108932572766,6.625,6.625,40,13,265.0,0.201504720204904
464.0,29,128.0,1.9393939393939397,3.201331896925059,66,659.0,9.984848484848484,92.0,1.393939393939394,19,304.0,39.0,1.6090460844349888,7.6,7.6,40,19,304.0,0.1034713372085398
472.0,20,112.0,1.5555555555555556,4.226139410228947,72,709.0,9.84722222222222,50.0,0.6944444444444444,13,275.0,0.0,2.599439513066358,6.547619047619048,6.547619047619048,42,13,275.0,0.1713408573525941
480.0,30,241.0,3.3013698630136985,5.327255617952596,73,758.0,10.383561643835616,49.0,0.6712328767123288,15,230.0,0.0,4.119388061231256,6.764705882352941,6.764705882352941,34,15,230.0,0.2898557410949927
488.0,29,318.0,4.818181818181818,3.932250008520192,66,814.0,12.333333333333334,56.0,0.8484848484848485,11,257.0,27.0,2.944513043441141,8.290322580645162,8.290322580645162,31,11,257.0,0.2120155265449259
496.0,25,419.0,6.650793650793651,4.511361579888226,63,938.0,14.88888888888889,124.0,1.968253968253968,9,282.0,25.0,2.971794973657764,10.071428571428571,10.071428571428571,28,9,282.0,0.2242487133450079
504.0,35,637.0,10.796610169491526,4.023200975180217,59,1083.0,18.35593220338983,145.0,2.457627118644068,17,333.0,51.0,2.691203915515214,11.892857142857142,11.892857142857142,28,17,333.0,0.1781074743150138
512.0,34,821.0,13.031746031746032,3.56968256490542,63,1357.0,21.53968253968254,274.0,4.349206349206349,15,369.0,36.0,2.5565490263246944,11.903225806451612,11.903225806451612,31,15,369.0,0.1579385503219197
520.0,28,478.0,7.46875,4.5240908946143605,64,1531.0,23.921875,174.0,2.71875,11,422.0,53.0,2.572516136003021,14.551724137931034,14.551724137931034,29,11,422.0,0.1623542397108778
528.0,35,377.0,6.080645161290323,3.35485600079462,62,1681.0,27.11290322580645,150.0,2.419354838709677,21,505.0,83.0,2.0848919105171606,15.303030303030305,15.303030303030305,33,21,505.0,0.1381195555110572
536.0,31,438.0,6.9523809523809526,3.8263301704175614,63,1881.0,29.857142857142858,200.0,3.1746031746031744,17,614.0,109.0,2.5970015304427285,18.058823529411764,18.058823529411764,34,17,614.0,0.1743272944023069
544.0,41,712.0,10.953846153846154,2.879659658300569,65,2029.0,31.21538461538461,148.0,2.276923076923077,25,775.0,161.0,2.155582121492122,18.902439024390244,18.902439024390244,41,25,775.0,0.1460188243386544
552.0,43,954.0,14.238805970149254,2.5816987374001537,67,2328.0,34.74626865671642,299.0,4.462686567164179,26,856.0,81.0,1.9421011939925008,20.38095238095238,20.38095238095238,42,26,856.0,0.1256232677664858
560.0,34,938.0,14.430769230769233,2.292320381050465,65,2476.0,38.09230769230769,148.0,2.276923076923077,23,1025.0,169.0,1.4614684167458691,24.404761904761905,24.404761904761905,42,23,1025.0,0.101529112749258
568.0,38,1011.0,15.318181818181818,3.181842140482802,66,2708.0,41.03030303030303,232.0,3.515151515151515,27,957.0,0.0,1.9034420756511023,23.341463414634145,23.341463414634145,41,27,957.0,0.1309639808617125
576.0,24,406.0,6.246153846153846,3.471427574995439,65,2912.0,44.8,204.0,3.1384615384615384,20,817.0,0.0,2.325761603903394,22.08108108108108,22.08108108108108,37,20,817.0,0.149949013708775
584.0,31,233.0,3.6984126984126986,2.766109254637409,63,2780.0,44.12698412698413,0.0,0.0,26,1281.0,464.0,0.8501736108431975,30.5,30.5,42,26,1281.0,0.0499158741079976
592.0,32,397.0,6.403225806451613,3.4564682334191468,62,2995.0,48.30645161290322,215.0,3.467741935483871,26,1197.0,0.0,0.8711606965420421,32.351351351351354,32.351351351351354,37,26,1197.0,0.0477733621518359
600.0,18,189.0,3.5,3.299357376186656,54,2589.0,47.94444444444444,0.0,0.0,18,1459.0,262.0,0.9710590868717968,40.52777777777778,40.52777777777778,36,18,1459.0,0.0605844744011934
608.0,22,123.0,2.320754716981132,4.173717978024336,53,2657.0,50.13207547169812,68.0,1.2830188679245282,19,1367.0,0.0,0.9044339473501848,39.05714285714286,39.05714285714286,35,19,1367.0,0.057579255446661
616.0,26,160.0,3.26530612244898,3.250217672912277,49,2466.0,50.326530612244895,0.0,0.0,26,1467.0,100.0,0.6015735750048755,40.75,40.75,36,26,1467.0,0.0458451437530031
624.0,25,319.0,6.787234042553192,4.505565157215203,47,2633.0,56.02127659574468,167.0,3.5531914893617023,23,1461.0,0.0,0.9329107245201308,50.37931034482759,50.37931034482759,29,23,1461.0,0.0629603248088925
632.0,20,409.0,10.225,4.088467746777811,40,2395.0,59.875,0.0,0.0,18,1304.0,0.0,1.0787601496296613,50.15384615384615,50.15384615384615,26,18,1304.0,0.0733732442578232
640.0,20,552.0,15.771428571428572,2.789113313818373,35,2247.0,64.2,0.0,0.0,18,1575.0,271.0,0.581503169143478,63.0,63.0,25,18,1575.0,0.0460658827050589
648.0,19,695.0,21.71875,2.9753843466539225,32,2292.0,71.625,45.0,1.40625,19,1602.0,27.0,0.2976077374406862,69.65217391304348,69.65217391304348,23,19,1602.0,0.0148278280560774
656.0,19,847.0,28.23333333333333,4.218957564467321,30,2355.0,78.5,63.0,2.1,19,1250.0,0.0,0.0,65.78947368421052,65.78947368421052,19,19,1250.0,0.0
664.0,8,401.0,13.366666666666667,6.171873361284549,30,2450.0,81.66666666666667,95.0,3.1666666666666665,8,994.0,0.0,1.212026245437294,71.0,71.0,14,8,994.0,0.0887731607878245
672.0,6,21.0,0.7241379310344828,6.297208841185664,29,2266.0,78.13793103448276,0.0,0.0,6,1029.0,35.0,0.728718681584752,64.3125,64.3125,16,6,1029.0,0.052851807717265
680.0,17,113.0,4.185185185185185,4.204625293184116,27,1988.0,73.62962962962963,0.0,0.0,17,1124.0,95.0,0.0223958446019446,62.44444444444444,62.44444444444444,18,17,1124.0,0.0017090822344994
688.0,18,255.0,10.625,2.672026181715449,24,1752.0,73.0,0.0,0.0,18,1267.0,143.0,0.2183726925394287,66.6842105263158,66.6842105263158,19,18,1267.0,0.0095595978670946
696.0,9,149.0,7.095238095238095,3.486082068067958,21,1462.0,69.61904761904762,0.0,0.0,9,943.0,0.0,1.11802416516052,62.86666666666667,62.86666666666667,15,9,943.0,0.0775776792226505
704.0,1,14.0,0.6666666666666666,10.24490900098419,21,1407.0,67.0,0.0,0.0,1,232.0,0.0,5.42479002849772,29.0,29.0,8,1,232.0,0.4146289063633071
712.0,7,35.0,1.5909090909090908,7.203388755670317,22,1111.0,50.5,0.0,0.0,7,186.0,0.0,2.204803919564509,15.5,15.5,12,7,186.0,0.1355896131337884
720.0,11,107.0,4.28,6.013566316577673,25,1183.0,47.32,72.0,2.88,11,258.0,72.0,0.6012635772359686,18.428571428571427,18.428571428571427,14,11,258.0,0.0412274586508457
728.0,5,56.0,2.24,5.490779885881377,25,841.0,33.64,0.0,0.0,5,148.0,0.0,1.4376244082071798,10.571428571428571,10.571428571428571,14,5,148.0,0.1122161948598017
736.0,7,23.0,1.0454545454545454,4.1181072041784414,22,364.0,16.545454545454547,0.0,0.0,7,137.0,0.0,0.724032200811955,8.5625,8.5625,16,7,137.0,0.0540735153027622
744.0,17,126.0,5.727272727272728,2.5017663116789963,22,393.0,17.863636363636363,29.0,1.318181818181818,17,240.0,103.0,0.9547400385213272,12.63157894736842,12.63157894736842,19,17,240.0,0.0580043442450907
752.0,7,81.0,3.1153846153846154,5.052003142584036,26,499.0,19.192307692307693,106.0,4.076923076923077,7,209.0,0.0,3.3744998969750526,11.0,11.0,19,7,209.0,0.1942842186842991
760.0,9,23.0,0.7931034482758621,4.643454286063768,29,358.0,12.344827586206897,0.0,0.0,9,241.0,32.0,2.806049526577128,10.041666666666666,10.041666666666666,24,9,241.0,0.1780594986676164
768.0,22,150.0,4.6875,2.5572885990087943,32,424.0,13.25,66.0,2.0625,22,368.0,127.0,2.0244057439778165,12.266666666666667,12.266666666666667,30,22,368.0,0.1297677262921117
776.0,14,151.0,4.314285714285714,4.191696813389498,35,577.0,16.485714285714284,153.0,4.371428571428571,14,363.0,0.0,3.35517950868934,12.964285714285714,12.964285714285714,28,14,363.0,0.2195055549598727
784.0,13,35.0,0.875,5.330055849036478,40,654.0,16.35,77.0,1.925,13,374.0,11.0,3.0761720663543155,12.89655172413793,12.89655172413793,29,13,374.0,0.1992534267234909
792.0,18,142.0,3.55,4.925194880564412,40,688.0,17.2,34.0,0.85,18,446.0,72.0,2.2437599124695264,15.379310344827584,15.379310344827584,29,18,446.0,0.1250005177370972
800.0,10,95.0,2.2093023255813957,6.174404448908319,43,820.0,19.069767441860463,132.0,3.069767441860465,10,364.0,0.0,1.6994439787638844,16.545454545454547,16.545454545454547,22,10,364.0,0.1012421273217336
808.0,11,81.0,2.131578947368421,7.718635254567455,38,661.0,17.394736842105264,0.0,0.0,11,152.0,0.0,3.2437492047443848,7.6,7.6,20,11,152.0,0.2070036468567566
816.0,7,15.0,0.4054054054054054,6.911091885033367,37,565.0,15.27027027027027,0.0,0.0,7,107.0,0.0,2.708245738320205,5.944444444444445,5.944444444444445,18,7,107.0,0.1559465243468969
824.0,13,87.0,2.3513513513513518,7.891092690505095,37,582.0,15.72972972972973,17.0,0.4594594594594595,10,113.0,6.0,2.37071828106544,7.533333333333333,7.533333333333333,15,10,113.0,0.1371684084297162
832.0,12,150.0,4.054054054054054,6.567224532653805,37,578.0,15.62162162162162,0.0,0.0,12,194.0,81.0,1.919646197500465,10.77777777777778,10.77777777777778,18,12,194.0,0.1134753590886469
840.0,10,57.0,1.7272727272727273,5.825242708871586,33,404.0,12.242424242424242,0.0,0.0,10,152.0,0.0,1.2674919388857149,8.444444444444445,8.444444444444445,18,10,152.0,0.0823366835056845
848.0,3,27.0,0.84375,9.552878963244066,32,385.0,12.03125,0.0,0.0,3,59.0,0.0,5.477082938738419,4.538461538461538,4.538461538461538,13,3,59.0,0.3500341899063051
856.0,7,63.0,1.96875,8.842878131380218,32,409.0,12.78125,24.0,0.75,7,63.0,4.0,1.57924486269069,6.3,6.3,10,7,63.0,0.1178768230156723
864.0,6,52.0,1.5757575757575757,7.922119575496017,33,382.0,11.575757575757576,0.0,0.0,6,67.0,4.0,1.9550489843553187,5.583333333333333,5.583333333333333,12,6,67.0,0.139569651379537
872.0,5,82.0,2.5625,7.985778624691472,32,287.0,8.96875,0.0,0.0,5,97.0,30.0,3.129742203815121,8.083333333333334,8.083333333333334,12,5,97.0,0.2045902708393735
880.0,5,16.0,0.5161290322580645,7.881102936022955,31,257.0,8.290322580645162,0.0,0.0,5,41.0,0.0,3.0726181850297207,3.727272727272727,3.727272727272727,11,5,41.0,0.2019057924407792
888.0,9,65.0,2.6,6.54927989845734,25,154.0,6.16,0.0,0.0,9,65.0,24.0,2.0623142439705746,4.642857142857143,4.642857142857143,14,9,65.0,0.1354713634811318
896.0,2,3.0,0.1111111111111111,6.421180178098597,27,137.0,5.074074074074074,0.0,0.0,2,52.0,0.0,4.389849482505924,2.888888888888889,2.888888888888889,18,2,52.0,0.2735292310885511
904.0,11,35.0,1.1290322580645162,4.831081029791757,31,163.0,5.258064516129032,26.0,0.8387096774193549,11,87.0,35.0,1.9671859497468036,3.954545454545455,3.954545454545455,22,11,87.0,0.1429982479822553
912.0,22,172.0,5.733333333333333,3.2460129949530048,30,272.0,9.066666666666666,109.0,3.633333333333333,22,224.0,137.0,1.7196361643150169,8.96,8.96,25,22,224.0,0.1090036583889995
920.0,17,268.0,8.933333333333334,4.057106494471138,30,425.0,14.166666666666666,153.0,5.1,17,320.0,96.0,1.154246614984067,16.842105263157894,16.842105263157894,19,17,320.0,0.0859171229029762
928.0,7,116.0,5.043478260869565,3.596481265494963,23,425.0,18.47826086956522,0.0,0.0,7,294.0,0.0,0.6409260453716639,21.0,21.0,14,7,294.0,0.0430281905736338
936.0,1,1.0,0.0434782608695652,10.044892598313911,23,412.0,17.91304347826087,0.0,0.0,1,106.0,0.0,5.159369618583115,13.25,13.25,8,1,106.0,0.3782924791930908
944.0,3,1.0,0.0357142857142857,9.776430717772516,28,415.0,14.821428571428571,3.0,0.1071428571428571,3,3.0,0.0,5.235227374788022,0.3,0.3,10,3,3.0,0.3775787733947769
952.0,3,1.0,0.032258064516129,10.529035357624911,31,377.0,12.161290322580646,0.0,0.0,3,8.0,5.0,7.298109271810022,0.6153846153846154,0.6153846153846154,13,3,8.0,0.5139978788023025
960.0,1,1.0,0.04,10.71798239903013,25,185.0,7.4,0.0,0.0,1,2.0,0.0,7.889781855969966,0.1538461538461538,0.1538461538461538,13,1,2.0,0.516730244775297
968.0,5,19.0,0.76,7.372992821029155,25,88.0,3.52,0.0,0.0,5,24.0,22.0,5.085066588477118,1.263157894736842,1.263157894736842,19,5,24.0,0.3418485855178002
976.0,8,37.0,1.2758620689655171,5.397435171392335,29,65.0,2.2413793103448274,0.0,0.0,8,43.0,19.0,4.915549981715251,1.72,1.72,25,8,43.0,0.3304698101668185
984.0,12,113.0,3.645161290322581,6.827413004653229,31,122.0,3.935483870967742,57.0,1.8387096774193548,12,121.0,78.0,5.026380303988078,4.653846153846154,4.653846153846154,26,12,121.0,0.3342933066267335
992.0,17,231.0,7.9655172413793105,4.140859450212351,29,240.0,8.275862068965518,118.0,4.068965517241379,17,240.0,119.0,3.8493252437055663,8.88888888888889,8.88888888888889,27,17,240.0,0.267485914920271
1000.0,17,366.0,12.620689655172416,3.461562021281778,29,375.0,12.93103448275862,135.0,4.655172413793103,17,375.0,135.0,2.660251649863917,13.88888888888889,13.88888888888889,27,17,375.0,0.1717263115298724
1008.0,7,122.0,4.206896551724138,3.4237398228217697,29,494.0,17.03448275862069,119.0,4.103448275862069,7,270.0,0.0,2.504388516759492,12.272727272727272,12.272727272727272,22,7,270.0,0.1815319412305308
1016.0,8,41.0,1.4642857142857142,4.046081349345936,28,413.0,14.75,0.0,0.0,8,262.0,0.0,2.429234217710483,11.391304347826088,11.391304347826088,23,8,262.0,0.1719073998369232
1024.0,15,132.0,3.5675675675675675,4.688330889171861,37,401.0,10.83783783783784,0.0,0.0,15,271.0,9.0,2.858350205848379,9.344827586206897,9.344827586206897,29,15,271.0,0.1955969427657568
1032.0,17,241.0,6.17948717948718,5.371330046227032,39,407.0,10.435897435897436,6.0,0.1538461538461538,17,311.0,40.0,4.080782467725728,9.71875,9.71875,32,17,311.0,0.2620240391457988
1040.0,13,213.0,5.756756756756757,4.29496752527885,37,434.0,11.72972972972973,27.0,0.7297297297297297,13,326.0,15.0,3.385965158807802,11.241379310344827,11.241379310344827,29,13,326.0,0.2093697837175044
1048.0,15,319.0,8.179487179487179,6.529432109764662,39,445.0,11.41025641025641,11.0,0.282051282051282,14,374.0,48.0,4.350410218017154,12.89655172413793,12.89655172413793,29,14,374.0,0.2752457806631668
1056.0,20,454.0,13.352941176470589,4.502357207308705,34,527.0,15.5,82.0,2.411764705882353,19,503.0,129.0,2.849101309810096,17.964285714285715,17.964285714285715,28,19,503.0,0.1899164067553873
1064.0,6,30.0,0.8571428571428571,5.51597037981068,35,633.0,18.085714285714285,106.0,3.0285714285714285,5,301.0,0.0,5.115967452451208,11.148148148148149,11.148148148148149,27,5,301.0,0.351795257797468
1072.0,12,51.0,1.4166666666666667,5.353115389071031,36,432.0,12.0,0.0,0.0,12,331.0,30.0,4.728809419945739,10.34375,10.34375,32,12,331.0,0.3243234691499773
1080.0,15,129.0,3.3947368421052637,5.122291457581023,38,475.0,12.5,43.0,1.131578947368421,15,414.0,83.0,4.506533944978478,12.545454545454543,12.545454545454543,33,15,414.0,0.2941901051349093
1088.0,18,254.0,6.864864864864865,5.874149828586175,37,561.0,15.16216216216216,86.0,2.324324324324324,18,533.0,119.0,3.90029132802757,18.379310344827587,18.379310344827587,29,18,533.0,0.261370204529017
1096.0,19,363.0,11.0,3.052334760579549,33,681.0,20.63636363636364,120.0,3.636363636363636,19,615.0,82.0,2.399368114512328,20.5,20.5,30,19,615.0,0.1593624177008883
1104.0,14,173.0,4.675675675675675,4.274942896416794,37,795.0,21.486486486486488,114.0,3.081081081081081,14,419.0,0.0,2.7034719025502483,14.448275862068966,14.448275862068966,29,14,419.0,0.1746377996672009
1112.0,8,23.0,0.6571428571428571,4.007348762875872,35,495.0,14.142857142857142,0.0,0.0,8,457.0,38.0,2.9164025942280576,15.758620689655173,15.758620689655173,29,8,457.0,0.1735531475545675
1120.0,25,154.0,4.529411764705882,1.7110419924803013,34,589.0,17.323529411764707,94.0,2.764705882352941,25,588.0,131.0,1.6937779760179354,17.818181818181817,17.818181818181817,33,25,588.0,0.1069620918852369
1128.0,22,188.0,4.7,2.621806357375415,40,775.0,19.375,186.0,4.65,21,531.0,0.0,1.6738649247075712,15.617647058823527,15.617647058823527,34,21,531.0,0.1033065598385784
1136.0,17,193.0,4.386363636363637,5.456233064541225,44,655.0,14.886363636363637,0.0,0.0,16,346.0,0.0,3.4612622630701706,10.484848484848484,10.484848484848484,33,16,346.0,0.2353922300980256
1144.0,13,74.0,1.804878048780488,4.30675346483066,41,463.0,11.292682926829269,0.0,0.0,13,342.0,0.0,3.7383935896721994,10.058823529411764,10.058823529411764,34,13,342.0,0.2323183363664513
1152.0,16,103.0,2.710526315789474,3.545263223106293,38,474.0,12.473684210526317,11.0,0.2894736842105263,16,443.0,101.0,2.478170266347581,13.029411764705882,13.029411764705882,34,16,443.0,0.1721653337474473
1160.0,15,167.0,4.771428571428571,3.6899425181135226,35,584.0,16.685714285714287,110.0,3.142857142857143,15,452.0,9.0,2.7040793854452514,15.586206896551724,15.586206896551724,29,15,452.0,0.1803138035489914
1168.0,18,262.0,7.705882352941177,2.868648872264264,34,582.0,17.11764705882353,0.0,0.0,18,569.0,117.0,2.178871569877843,17.78125,17.78125,32,18,569.0,0.1486009779134898
1176.0,17,363.0,10.676470588235292,2.9883827204158795,34,733.0,21.558823529411764,151.0,4.441176470588236,17,613.0,44.0,1.74016460536228,21.892857142857142,21.892857142857142,28,17,613.0,0.1156471434612165
1184.0,15,103.0,2.942857142857143,3.4623895327269287,35,743.0,21.228571428571428,10.0,0.2857142857142857,15,472.0,0.0,2.081568688777378,16.857142857142858,16.857142857142858,28,15,472.0,0.1595325118626792
1192.0,14,108.0,2.918918918918919,5.36240632100718,37,591.0,15.972972972972974,0.0,0.0,14,468.0,0.0,2.916382376331763,16.137931034482758,16.137931034482758,29,14,468.0,0.2072892363262516
1200.0,23,265.0,7.794117647058823,3.1190229316474234,34,652.0,19.176470588235293,61.0,1.7941176470588236,23,625.0,157.0,2.1150494018749693,20.161290322580644,20.161290322580644,31,23,625.0,0.1602646022439799
1208.0,18,342.0,9.771428571428572,4.450984221373384,35,820.0,23.428571428571427,168.0,4.8,18,635.0,10.0,3.47177180248772,21.166666666666668,21.166666666666668,30,18,635.0,0.263898475307407
1216.0,11,120.0,3.636363636363636,4.115514826746676,33,755.0,22.87878787878788,0.0,0.0,11,539.0,0.0,3.379148364026715,18.58620689655172,18.58620689655172,29,11,539.0,0.2364955820312805
1224.0,14,167.0,5.566666666666666,6.049174073152402,30,646.0,21.53333333333333,0.0,0.0,14,390.0,0.0,3.8070140652521856,17.727272727272727,17.727272727272727,22,14,390.0,0.2499876029232465
1232.0,19,296.0,9.866666666666667,3.2006607021940043,30,533.0,17.766666666666666,0.0,0.0,19,517.0,127.0,3.200660702194004,17.233333333333334,17.233333333333334,30,19,517.0,0.1989912494276576
1240.0,11,125.0,3.3783783783783785,4.873830745438149,37,658.0,17.783783783783782,125.0,3.3783783783783785,11,361.0,0.0,4.656005823798183,12.033333333333331,12.033333333333331,30,11,361.0,0.3118598656281526
1248.0,9,79.0,1.9268292682926829,7.715783411975629,41,536.0,13.073170731707316,0.0,0.0,7,162.0,0.0,5.846103309146811,5.586206896551724,5.586206896551724,29,7,162.0,0.3877210068871689
1256.0,15,179.0,5.114285714285714,5.917140006426765,35,270.0,7.714285714285714,0.0,0.0,13,154.0,0.0,4.902518314793134,5.5,5.5,28,13,154.0,0.3263605577677617
1264.0,16,242.0,7.5625,4.296961992924095,32,317.0,9.90625,47.0,1.46875,16,242.0,88.0,2.8993721673507378,8.962962962962964,8.962962962962964,27,16,242.0,0.1833153398265449
1272.0,20,351.0,10.323529411764708,2.557691635542351,34,410.0,12.058823529411764,93.0,2.735294117647059,20,351.0,109.0,1.2873821835969737,12.10344827586207,12.10344827586207,29,20,351.0,0.0829827737433297
1280.0,18,181.0,4.7631578947368425,3.415330195096089,38,531.0,13.973684210526317,121.0,3.1842105263157894,18,351.0,0.0,2.1598571577615955,10.96875,10.96875,32,18,351.0,0.1354186634135912
1288.0,8,73.0,1.7804878048780488,6.102127958978004,41,492.0,12.0,0.0,0.0,8,241.0,0.0,4.848645451693227,7.774193548387097,7.774193548387097,31,8,241.0,0.2993145069940124
1296.0,8,105.0,2.8378378378378377,5.774610275335644,37,360.0,9.72972972972973,0.0,0.0,8,228.0,0.0,5.196004299230852,7.125,7.125,32,8,228.0,0.3411109616464763
1304.0,13,189.0,5.5588235294117645,5.890837270332092,34,312.0,9.176470588235292,0.0,0.0,13,264.0,36.0,5.169034965936691,8.8,8.8,30,13,264.0,0.3427056256385432
1312.0,17,272.0,8.5,3.884949468466724,32,384.0,12.0,72.0,2.25,17,347.0,83.0,3.4676789258028853,11.566666666666666,11.566666666666666,30,17,347.0,0.2412438117138289
1320.0,14,293.0,8.878787878787879,3.613068292067044,33,507.0,15.363636363636363,123.0,3.727272727272727,14,395.0,48.0,2.9507476571384115,14.107142857142858,14.107142857142858,28,14,395.0,0.1940039492502298
1328.0,25,453.0,13.727272727272728,2.061914073757792,33,571.0,17.303030303030305,64.0,1.9393939393939397,25,555.0,160.0,2.061914073757792,16.818181818181817,16.818181818181817,33,25,555.0,0.1496295858231164
1336.0,15,186.0,4.65,4.0245789939220105,40,737.0,18.425,166.0,4.15,15,453.0,0.0,2.9933778363203105,14.15625,14.15625,32,15,453.0,0.2141551939119237
1344.0,13,149.0,3.4651162790697674,6.733164873212824,43,621.0,14.44186046511628,0.0,0.0,11,351.0,0.0,4.85453286028416,12.10344827586207,12.10344827586207,29,11,351.0,0.3331747244723033
1352.0,7,95.0,2.261904761904762,8.579644358744398,42,496.0,11.80952380952381,0.0,0.0,7,265.0,0.0,6.483811837114552,9.814814814814817,9.814814814814817,27,7,265.0,0.4454055159156259
1360.0,6,27.0,0.7297297297297297,7.52957180481101,37,455.0,12.297297297297296,0.0,0.0,6,128.0,0.0,5.1790785552889735,5.333333333333333,5.333333333333333,24,6,128.0,0.3434070843241458
1368.0,9,24.0,0.7272727272727273,5.034538594787518,33,197.0,5.96969696969697,0.0,0.0,9,129.0,1.0,3.6252776584302047,5.16,5.16,25,9,129.0,0.2530712674741188
1376.0,13,85.0,2.2972972972972974,5.700096265232337,37,228.0,6.162162162162162,31.0,0.8378378378378378,12,178.0,49.0,3.9542420094943056,6.357142857142857,6.357142857142857,28,12,178.0,0.2716287690343014
1384.0,6,21.0,0.4883720930232558,5.742819362140779,43,252.0,5.8604651162790695,24.0,0.5581395348837209,4,102.0,0.0,5.704002105487652,3.4,3.4,30,4,102.0,0.3662267714384367
1392.0,11,62.0,1.3777777777777778,7.869617580511273,45,194.0,4.311111111111111,0.0,0.0,8,60.0,0.0,6.701402498169906,2.2222222222222223,2.2222222222222223,27,8,60.0,0.4423166477937893
1400.0,20,148.0,3.363636363636364,5.382940446943151,44,218.0,4.954545454545454,24.0,0.5454545454545454,18,155.0,95.0,3.876657544780062,5.535714285714286,5.535714285714286,28,18,155.0,0.2726764501460327
1408.0,11,90.0,2.0,5.963109294714226,45,316.0,7.022222222222222,98.0,2.1777777777777776,10,174.0,19.0,3.417268444241524,6.444444444444445,6.444444444444445,27,10,174.0,0.2202025983784347
1416.0,5,23.0,0.5111111111111111,7.235763909751516,45,321.0,7.133333333333334,5.0,0.1111111111111111,5,211.0,37.0,4.727121322025524,8.44,8.44,25,5,211.0,0.3167761955666216
1424.0,13,88.0,2.2,6.209877775852575,40,358.0,8.95,37.0,0.925,9,254.0,43.0,3.858778775265104,10.16,10.16,25,9,254.0,0.2418236152325624
1432.0,18,175.0,4.72972972972973,4.276894838415657,37,457.0,12.35135135135135,99.0,2.675675675675676,17,365.0,111.0,2.961892503944524,13.035714285714286,13.035714285714286,28,17,365.0,0.1861874819174822
1440.0,15,146.0,3.842105263157895,5.60901025636855,38,564.0,14.842105263157896,107.0,2.8157894736842106,15,352.0,0.0,4.2013036493943305,12.137931034482758,12.137931034482758,29,15,352.0,0.2644213855228084
1448.0,8,69.0,1.6428571428571428,6.359072257702254,42,505.0,12.023809523809524,0.0,0.0,8,398.0,46.0,5.071545311503858,13.724137931034482,13.724137931034482,29,8,398.0,0.3305871670503895
1456.0,7,18.0,0.4186046511627907,6.4811626356761085,43,543.0,12.627906976744184,38.0,0.8837209302325582,7,348.0,0.0,4.259818324966102,11.6,11.6,30,7,348.0,0.2914267949922726
1464.0,8,19.0,0.4418604651162791,5.907029174156277,43,452.0,10.511627906976743,0.0,0.0,7,377.0,29.0,4.162608315877924,12.566666666666666,12.566666666666666,30,7,377.0,0.2837618795396118
1472.0,9,70.0,1.627906976744186,7.175569634700667,43,460.0,10.69767441860465,8.0,0.1860465116279069,8,432.0,55.0,3.89700239262569,14.89655172413793,14.89655172413793,29,8,432.0,0.2717465053997461
1480.0,9,54.0,1.255813953488372,5.568279902840328,43,515.0,11.976744186046512,55.0,1.2790697674418603,8,369.0,0.0,3.9708543390922393,11.903225806451612,11.903225806451612,31,8,369.0,0.2667050726855283
1488.0,10,52.0,1.181818181818182,6.627623091317338,44,440.0,10.0,0.0,0.0,10,242.0,0.0,4.6178235367209135,7.117647058823529,7.117647058823529,34,10,242.0,0.314456980755027
1496.0,9,27.0,0.5510204081632653,5.3565167248599055,49,315.0,6.428571428571429,0.0,0.0,8,278.0,36.0,4.25884373153205,8.176470588235293,8.176470588235293,34,8,278.0,0.2869599918661384
1504.0,11,66.0,1.2452830188679245,6.021108996990537,53,366.0,6.90566037735849,51.0,0.9622641509433962,11,336.0,58.0,4.242671306865901,9.08108108108108,9.08108108108108,37,11,336.0,0.2870760874904098
1512.0,18,89.0,1.459016393442623,5.977898922218518,61,460.0,7.540983606557377,94.0,1.540983606557377,17,330.0,0.0,3.715068631132583,7.674418604651163,7.674418604651163,43,17,330.0,0.2577335969303657
1520.0,16,70.0,1.0606060606060606,5.956777994890301,66,484.0,7.333333333333333,24.0,0.3636363636363636,15,411.0,81.0,3.792076384095306,9.340909090909092,9.340909090909092,44,15,411.0,0.2575522543461178
1528.0,17,74.0,1.121212121212121,5.881384740193011,66,583.0,8.833333333333334,99.0,1.5,17,423.0,12.0,3.293998072623217,9.195652173913045,9.195652173913045,46,17,423.0,0.2287156535028533
1536.0,18,140.0,2.08955223880597,5.985908839982538,67,620.0,9.25373134328358,37.0,0.5522388059701493,18,415.0,0.0,3.215553794615333,8.645833333333334,8.645833333333334,48,18,415.0,0.2290445079672717
1544.0,10,74.0,1.1044776119402986,5.88778768145754,67,581.0,8.671641791044776,0.0,0.0,10,422.0,7.0,4.041750635048562,8.791666666666666,8.791666666666666,48,10,422.0,0.2754662789161462
1552.0,13,43.0,0.6417910447761194,4.617205518054648,67,595.0,8.880597014925373,14.0,0.208955223880597,13,437.0,15.0,3.2616717700859974,8.092592592592593,8.092592592592593,54,13,437.0,0.2291031665979344
1560.0,11,35.0,0.5,4.6930367341415575,70,630.0,9.0,35.0,0.5,11,440.0,3.0,2.9909363253309023,8.30188679245283,8.30188679245283,53,11,440.0,0.2132406528355336
1568.0,14,55.0,0.7534246575342466,5.004411038005135,73,714.0,9.780821917808218,84.0,1.1506849315068493,14,450.0,10.0,3.036967261874476,8.035714285714286,8.035714285714286,56,14,450.0,0.2195023909320781
1576.0,19,70.0,0.9722222222222222,4.450844569996101,72,721.0,10.01388888888889,7.0,0.0972222222222222,19,491.0,41.0,2.833290747217888,8.46551724137931,8.46551724137931,58,19,491.0,0.1978024650625353
1584.0,14,38.0,0.5277777777777778,3.9041531536213774,72,797.0,11.069444444444445,76.0,1.0555555555555556,14,481.0,0.0,2.013308467519962,8.745454545454546,8.745454545454546,55,14,481.0,0.1415023477410736
1592.0,15,63.0,0.9130434782608696,4.1189324647925325,69,780.0,11.304347826086955,0.0,0.0,15,505.0,24.0,2.237478910841093,9.528301886792454,9.528301886792454,53,15,505.0,0.1531290779224118
1600.0,14,45.0,0.6818181818181818,4.181143998879774,66,866.0,13.12121212121212,86.0,1.303030303030303,14,484.0,0.0,1.8083650409335008,9.877551020408164,9.877551020408164,49,14,484.0,0.1242464783544435
1608.0,15,50.0,0.78125,3.704667921624471,64,823.0,12.859375,0.0,0.0,15,491.0,7.0,1.3080768905584843,10.229166666666666,10.229166666666666,48,15,491.0,0.0865321974348041
1616.0,23,153.0,2.4285714285714284,3.739839205471475,63,899.0,14.26984126984127,76.0,1.2063492063492065,20,505.0,14.0,1.7287612906308911,10.74468085106383,10.74468085106383,47,20,505.0,0.113298204231859
1624.0,17,127.0,2.081967213114754,4.635007445053156,61,978.0,16.0327868852459,79.0,1.2950819672131149,17,556.0,51.0,2.4663278343273767,12.08695652173913,12.08695652173913,46,17,556.0,0.1684818492480885
1632.0,18,105.0,1.75,5.684284050227535,60,972.0,16.2,0.0,0.0,18,445.0,0.0,2.625837241082185,10.595238095238097,10.595238095238097,42,18,445.0,0.1906535502298278
1640.0,22,115.0,2.1296296296296298,3.2380583878729534,54,785.0,14.537037037037036,0.0,0.0,21,538.0,93.0,1.2142130840771437,12.511627906976743,12.511627906976743,43,21,538.0,0.0808385467572477
1648.0,14,101.0,1.9056603773584904,3.916384578678268,53,803.0,15.150943396226417,18.0,0.3396226415094339,14,554.0,16.0,1.954924582466765,13.51219512195122,13.51219512195122,41,14,554.0,0.1393513390348357
1656.0,13,96.0,1.8461538461538465,3.751039107113177,52,722.0,13.884615384615383,0.0,0.0,13,588.0,34.0,2.047180004363188,14.0,14.0,42,13,588.0,0.1442448409495005
1664.0,17,118.0,2.034482758620689,4.84676496008884,58,817.0,14.086206896551724,95.0,1.637931034482759,16,581.0,0.0,2.538441942779804,13.833333333333334,13.833333333333334,42,16,581.0,0.1768591208248771
1672.0,15,164.0,2.9285714285714284,6.183659220209042,56,723.0,12.910714285714286,0.0,0.0,15,492.0,0.0,3.331987242926565,12.615384615384617,12.615384615384617,39,15,492.0,0.2350555015656768
1680.0,18,204.0,4.340425531914893,4.359552800688514,47,659.0,14.02127659574468,0.0,0.0,18,533.0,41.0,3.3729301046367097,13.325,13.325,40,18,533.0,0.2312384565552767
1688.0,15,71.0,1.4791666666666667,4.071324956923255,48,785.0,16.354166666666668,126.0,2.625,15,494.0,0.0,3.047644457575371,12.35,12.35,40,15,494.0,0.2111378465604871
1696.0,20,125.0,2.5510204081632653,4.745152377387668,49,877.0,17.897959183673468,92.0,1.8775510204081636,20,543.0,49.0,2.4451956977664606,14.289473684210526,14.289473684210526,38,20,543.0,0.1727592929735853
1704.0,24,213.0,4.630434782608695,3.2025648071555977,46,955.0,20.76086956521739,78.0,1.6956521739130437,24,603.0,60.0,1.6831782770065224,15.461538461538462,15.461538461538462,39,24,603.0,0.1069542325124765
1712.0,19,207.0,4.224489795918367,4.689918522897612,49,1058.0,21.59183673469388,103.0,2.1020408163265305,19,486.0,0.0,2.2314848220635595,13.885714285714286,13.885714285714286,35,19,486.0,0.1350959487455161
1720.0,11,78.0,1.56,5.336505940346266,50,1019.0,20.38,0.0,0.0,11,537.0,51.0,2.7568496293889204,15.794117647058824,15.794117647058824,34,11,537.0,0.1780056234171172
1728.0,21,175.0,3.30188679245283,5.644071057310266,53,1079.0,20.358490566037737,60.0,1.1320754716981132,21,579.0,42.0,2.9776657485387488,15.236842105263158,15.236842105263158,38,21,579.0,0.1908447662697955
1736.0,15,229.0,4.2407407407407405,6.048024875088284,54,1017.0,18.83333333333333,0.0,0.0,15,610.0,31.0,3.402152157756928,16.486486486486488,16.486486486486488,37,15,610.0,0.2286621838919689
1744.0,12,86.0,1.6538461538461535,5.256722713995052,52,889.0,17.096153846153847,0.0,0.0,12,421.0,0.0,3.203834039478458,11.37837837837838,11.37837837837838,37,12,421.0,0.2056621565424339
1752.0,16,89.0,1.7115384615384617,5.013364694070939,52,906.0,17.423076923076923,17.0,0.3269230769230769,16,334.0,0.0,2.0837637369101407,9.027027027027026,9.027027027027026,37,16,334.0,0.1348758095993553
1760.0,14,158.0,3.16,5.719987263284047,50,930.0,18.6,24.0,0.48,14,332.0,0.0,2.416916668208466,10.709677419354838,10.709677419354838,31,14,332.0,0.1497862714889953
1768.0,11,32.0,0.5714285714285714,6.164889316391444,56,1007.0,17.982142857142858,77.0,1.375,11,268.0,0.0,2.8684347044412952,8.121212121212121,8.121212121212121,33,11,268.0,0.1919874346098808
1776.0,15,126.0,2.3773584905660377,7.975374988339819,53,808.0,15.245283018867925,0.0,0.0,15,227.0,0.0,3.784739221711176,9.08,9.08,25,15,227.0,0.2602089578102291
1784.0,10,44.0,0.8979591836734694,7.838361748885696,49,648.0,13.224489795918368,0.0,0.0,10,145.0,0.0,4.687517497859955,5.576923076923077,5.576923076923077,26,10,145.0,0.3119116824821705
1792.0,9,39.0,0.8863636363636364,6.619242042815016,44,508.0,11.545454545454543,0.0,0.0,9,139.0,0.0,3.2536638064899197,5.56,5.56,25,9,139.0,0.2241217027413768
1800.0,11,117.0,2.7209302325581395,8.282551772230859,43,540.0,12.55813953488372,32.0,0.7441860465116279,11,182.0,43.0,4.812413971871763,7.583333333333333,7.583333333333333,24,11,182.0,0.3130010280649246
1808.0,7,117.0,2.925,7.716976229646034,40,573.0,14.325,33.0,0.825,7,130.0,0.0,3.5170281817980094,7.222222222222222,7.222222222222222,18,7,130.0,0.208099709232018
1816.0,16,212.0,5.72972972972973,5.775328977575592,37,558.0,15.08108108108108,0.0,0.0,16,225.0,95.0,1.3366972123911032,10.714285714285714,10.714285714285714,21,16,225.0,0.0683137056148867
1824.0,9,90.0,2.571428571428572,6.490006101906964,35,539.0,15.4,0.0,0.0,9,135.0,0.0,2.1120780331740083,7.9411764705882355,7.9411764705882355,17,9,135.0,0.1292161361328217
1832.0,5,15.0,0.5357142857142857,6.706484677863493,28,431.0,15.392857142857142,0.0,0.0,5,109.0,0.0,2.7967036724167063,7.266666666666667,7.266666666666667,15,5,109.0,0.1503403824098097
1840.0,4,42.0,1.5555555555555556,8.970684064272723,27,365.0,13.51851851851852,0.0,0.0,3,67.0,0.0,4.854372411089894,5.583333333333333,5.583333333333333,12,3,67.0,0.2903734104079775
1848.0,5,76.0,3.619047619047619,9.231597650530196,21,232.0,11.047619047619047,0.0,0.0,4,93.0,26.0,7.083127725453184,7.75,7.75,12,4,93.0,0.4609541494832648
1856.0,4,93.0,5.166666666666667,8.34407464533305,18,166.0,9.22222222222222,0.0,0.0,4,125.0,32.0,6.964269762823713,9.615384615384617,9.615384615384617,13,4,125.0,0.4647502130140356
1864.0,3,24.0,1.1428571428571428,7.599905220160712,21,194.0,9.238095238095235,28.0,1.3333333333333333,3,61.0,0.0,5.964250583583835,4.6923076923076925,4.6923076923076925,13,3,61.0,0.3935100925967805
1872.0,6,27.0,1.173913043478261,7.72390724261339,23,132.0,5.739130434782608,0.0,0.0,6,27.0,0.0,3.574157802289069,2.25,2.25,12,6,27.0,0.2012074973154702
1880.0,9,82.0,3.9047619047619047,4.416893291377811,21,150.0,7.142857142857143,18.0,0.8571428571428571,9,82.0,55.0,2.006282676771761,5.125,5.125,16,9,82.0,0.1119976399156605
1888.0,15,178.0,6.846153846153846,3.251047873184315,26,205.0,7.884615384615385,55.0,2.1153846153846154,15,178.0,96.0,1.80095882418583,7.739130434782608,7.739130434782608,23,15,178.0,0.1169757505821095
1896.0,10,73.0,2.3548387096774195,4.413266193702746,31,306.0,9.870967741935484,101.0,3.2580645161290325,10,175.0,0.0,3.009857416734641,7.0,7.0,25,10,175.0,0.1871863184858729
1904.0,5,18.0,0.6,5.191561127734144,30,289.0,9.633333333333333,0.0,0.0,5,130.0,0.0,2.5395474788992187,6.190476190476191,6.190476190476191,21,5,130.0,0.1781810286504352
1912.0,7,22.0,0.7333333333333333,5.392990148119367,30,294.0,9.8,5.0,0.1666666666666666,7,122.0,0.0,2.209307567369879,6.777777777777778,6.777777777777778,18,7,122.0,0.1564741918664996
1920.0,7,42.0,1.2727272727272727,6.219148004458903,33,280.0,8.484848484848484,0.0,0.0,7,107.0,0.0,2.84477944391136,5.095238095238095,5.095238095238095,21,7,107.0,0.1886538417527224
1928.0,7,66.0,2.2758620689655173,6.468169925846078,29,149.0,5.137931034482759,0.0,0.0,7,92.0,0.0,4.850086687378566,4.842105263157895,4.842105263157895,19,7,92.0,0.3147139755771177
1936.0,5,25.0,1.0869565217391304,6.7521609593025405,23,137.0,5.956521739130435,0.0,0.0,5,77.0,0.0,4.817518245969096,4.529411764705882,4.529411764705882,17,5,77.0,0.3369529478696551
1944.0,8,67.0,3.1904761904761907,7.430401875650638,21,127.0,6.047619047619048,0.0,0.0,8,80.0,3.0,4.993014385672934,5.333333333333333,5.333333333333333,15,8,80.0,0.3456486581533421
1952.0,9,60.0,3.333333333333333,3.2183445936512958,18,140.0,7.777777777777778,13.0,0.7222222222222222,8,100.0,20.0,2.0729891705051697,7.142857142857143,7.142857142857143,14,8,100.0,0.1099994979190656
1960.0,6,76.0,4.0,6.578080928542157,19,150.0,7.894736842105263,10.0,0.5263157894736842,6,78.0,0.0,3.831532270951824,7.8,7.8,10,6,78.0,0.2255088179825613
1968.0,9,127.0,6.684210526315789,4.685994757062699,19,164.0,8.631578947368421,14.0,0.7368421052631579,9,129.0,51.0,1.4705270257868788,9.923076923076923,9.923076923076923,13,9,129.0,0.0966991151378101
1976.0,12,210.0,10.5,3.064650920023128,20,217.0,10.85,53.0,2.65,12,212.0,83.0,1.0487637776962382,12.470588235294118,12.470588235294118,17,12,212.0,0.0641912979276428
1984.0,4,46.0,2.090909090909091,5.912148354957751,22,281.0,12.772727272727272,64.0,2.909090909090909,4,83.0,0.0,4.133894372345474,6.384615384615385,6.384615384615385,13,4,83.0,0.2551887175708454
1992.0,6,28.0,1.1666666666666667,5.939332592381916,24,200.0,8.333333333333334,0.0,0.0,6,66.0,0.0,3.2343921748288977,4.4,4.4,15,6,66.0,0.1890475787636783
2000.0,10,63.0,2.625,4.249025720191349,24,198.0,8.25,0.0,0.0,10,128.0,62.0,1.2662656177631917,8.0,8.0,16,10,128.0,0.0860135249707982
2008.0,11,103.0,4.12,5.390859597236904,25,267.0,10.68,69.0,2.76,11,185.0,57.0,1.747648046330054,11.5625,11.5625,16,11,185.0,0.1104280175393652
2016.0,17,211.0,9.590909090909092,2.5421962086602474,22,314.0,14.272727272727272,47.0,2.136363636363636,17,293.0,108.0,0.0010357088159937,17.235294117647058,17.235294117647058,17,17,293.0,6.674217720538001e-05
2024.0,4,54.0,2.25,4.948704313847419,24,404.0,16.833333333333332,90.0,3.75,4,193.0,0.0,3.658445027771154,12.866666666666667,12.866666666666667,15,4,193.0,0.2019028530892321
2032.0,7,21.0,0.9545454545454546,5.802877708510247,22,313.0,14.227272727272728,0.0,0.0,7,169.0,0.0,2.2203133500212173,14.083333333333334,14.083333333333334,12,7,169.0,0.12690536715181
2040.0,10,92.0,4.6,4.986972874232694,20,330.0,16.5,17.0,0.85,10,239.0,70.0,0.7956083096254771,18.384615384615383,18.384615384615383,13,10,239.0,0.0664057848099569
2048.0,13,188.0,10.444444444444445,2.9446214277273883,18,401.0,22.27777777777778,71.0,3.9444444444444446,13,335.0,96.0,0.0125363139497986,23.928571428571427,23.928571428571427,14,13,335.0,0.0009859705331225
2056.0,4,48.0,2.526315789473684,4.110505709418223,19,419.0,22.05263157894737,18.0,0.9473684210526316,4,234.0,0.0,1.483979859018992,18.0,18.0,13,4,234.0,0.1058477687512713
2064.0,4,12.0,0.7058823529411765,6.15855585794076,17,299.0,17.58823529411765,0.0,0.0,4,149.0,0.0,2.2544634359351186,12.416666666666666,12.416666666666666,12,4,149.0,0.1623986459659016
2072.0,11,75.0,4.166666666666667,1.1890271601607625,18,212.0,11.77777777777778,0.0,0.0,11,212.0,63.0,0.3831851201766176,13.25,13.25,16,11,212.0,0.029161822286224
2080.0,6,41.0,1.7826086956521738,4.65440507471092,23,297.0,12.91304347826087,85.0,3.695652173913044,6,159.0,0.0,3.494435950298173,9.352941176470589,9.352941176470589,17,6,159.0,0.2156115039697305
2088.0,4,9.0,0.3333333333333333,9.20137770464963,27,312.0,11.555555555555555,15.0,0.5555555555555556,4,38.0,0.0,6.024928992632907,2.533333333333333,2.533333333333333,15,4,38.0,0.3708133699256263
2096.0,6,28.0,1.12,7.572415602501903,25,227.0,9.08,0.0,0.0,6,49.0,11.0,5.264544370217068,3.0625,3.0625,16,6,49.0,0.3610074949042263
2104.0,7,62.0,2.2142857142857144,7.527353356427495,28,269.0,9.607142857142858,42.0,1.5,7,75.0,26.0,5.109179925773059,4.166666666666667,4.166666666666667,18,7,75.0,0.3412974876096905
2112.0,5,16.0,0.64,6.99907397515247,25,174.0,6.96,0.0,0.0,5,31.0,0.0,4.506394320647781,2.2142857142857144,2.2142857142857144,14,5,31.0,0.3083442419764794
2120.0,1,6.0,0.375,7.815108568951826,16,86.0,5.375,0.0,0.0,1,38.0,7.0,4.491411176803444,4.75,4.75,8,1,38.0,0.2821033315518536
2128.0,2,7.0,0.7777777777777778,9.995820848328473,9,56.0,6.222222222222222,0.0,0.0,2,14.0,0.0,0.7707639195752009,4.666666666666667,4.666666666666667,3,2,14.0,0.0607163388851508
2136.0,3,30.0,5.0,5.061910682161092,6,46.0,7.666666666666667,0.0,0.0,3,37.0,23.0,0.0,12.333333333333334,12.333333333333334,3,3,37.0,0.0
2144.0,3,54.0,9.0,7.461111026312754,6,70.0,11.666666666666666,24.0,4.0,3,61.0,24.0,3.8536684649705415,15.25,15.25,4,3,61.0,0.2141050724883922
2152.0,2,48.0,6.0,6.598642902935143,8,82.0,10.25,12.0,1.5,2,51.0,0.0,3.654140922660008,17.0,17.0,3,2,51.0,0.2389873983789979
2160.0,2,64.0,8.0,7.693832215845817,8,68.0,8.5,0.0,0.0,2,67.0,16.0,4.74151633597842,22.33333333333333,22.33333333333333,3,2,67.0,0.3101037090496562
2168.0,1,0.0,0.0,7.034357494187454,10,74.0,7.4,6.0,0.6,1,0.0,0.0,6.675920711845522,0.0,0.0,6,1,0.0,0.3668005233056051
2176.0,0,0.0,0.0,8.659041376616425,9,41.0,4.555555555555555,0.0,0.0,0,1.0,1.0,7.455016668991961,0.25,0.25,4,0,1.0,0.3933343533462073
2184.0,4,14.0,2.0,4.251798200239805,7,53.0,7.571428571428571,12.0,1.7142857142857142,4,14.0,13.0,1.3123233314924725,2.8,2.8,5,4,14.0,0.0688116728721474
2192.0,2,25.0,2.5,6.314211992764603,10,72.0,7.2,19.0,1.9,2,25.0,11.0,4.291017072823694,3.571428571428572,3.571428571428572,7,2,25.0,0.239491956046328
2200.0,1,24.0,2.4,9.704549765399998,10,38.0,3.8,0.0,0.0,1,24.0,0.0,8.980180550293774,4.8,4.8,5,1,24.0,0.5343013771959972
2208.0,1,2.0,0.4,8.259635358787374,5,29.0,5.8,0.0,0.0,1,2.0,0.0,7.026010215922767,0.6666666666666666,0.6666666666666666,3,1,2.0,0.4436251081814988
2216.0,2,10.0,2.0,5.125621988858041,5,10.0,2.0,0.0,0.0,1,10.0,8.0,2.613144685352756,5.0,5.0,2,1,10.0,0.1717885743934321
2224.0,1,18.0,2.571428571428572,7.666318913721339,7,20.0,2.857142857142857,10.0,1.4285714285714286,1,18.0,8.0,5.936772367086571,6.0,6.0,3,1,18.0,0.3353678532502362
2232.0,3,29.0,3.625,4.039220510183649,8,29.0,3.625,9.0,1.125,3,29.0,11.0,3.525005390507357,4.142857142857143,4.142857142857143,7,3,29.0,0.2346771648485682
2240.0,4,59.0,5.9,5.3440895289083965,10,59.0,5.9,30.0,3.0,4,59.0,30.0,5.163106945746269,6.555555555555555,6.555555555555555,9,4,59.0,0.3524519731602837
2248.0,6,100.0,6.666666666666667,5.510161216050663,15,100.0,6.666666666666667,41.0,2.7333333333333334,6,100.0,41.0,5.305079880805933,7.6923076923076925,7.6923076923076925,13,6,100.0,0.3427909739223604
2256.0,8,156.0,8.210526315789474,5.136729941627652,19,156.0,8.210526315789474,56.0,2.9473684210526314,8,156.0,56.0,4.531081358934771,9.75,9.75,16,8,156.0,0.3041573266668437
2264.0,14,241.0,11.476190476190476,3.0295370819691008,21,241.0,11.476190476190476,85.0,4.047619047619048,12,236.0,80.0,3.4558060903156296,13.882352941176473,13.882352941176473,17,12,236.0,0.2404789267167113
2272.0,15,333.0,14.478260869565217,2.9984671551890547,23,360.0,15.652173913043478,119.0,5.173913043478261,10,301.0,65.0,2.544874454182382,21.5,21.5,14,10,301.0,0.1723207413253597
2280.0,11,236.0,9.833333333333334,4.722084266841468,24,445.0,18.541666666666668,85.0,3.5416666666666665,5,275.0,0.0,3.753633171734605,21.153846153846157,21.153846153846157,13,5,275.0,0.2567206452634619
2288.0,8,153.0,6.652173913043479,3.5985302857882053,23,420.0,18.26086956521739,0.0,0.0,8,361.0,86.0,2.453020262278631,21.235294117647054,21.235294117647054,17,8,361.0,0.1655234584978635
2296.0,11,198.0,7.615384615384615,4.34440311557292,26,503.0,19.346153846153847,83.0,3.1923076923076925,7,330.0,0.0,4.370187290319893,22.0,22.0,15,7,330.0,0.3068792297517235
2304.0,5,218.0,9.478260869565217,7.478079633311125,23,430.0,18.695652173913043,0.0,0.0,5,293.0,0.0,6.872967429671059,20.928571428571427,20.928571428571427,14,5,293.0,0.4582900718771988
2312.0,1,5.0,0.2272727272727272,8.947984204118884,22,312.0,14.181818181818182,0.0,0.0,1,35.0,0.0,9.323655703353737,3.1818181818181817,3.1818181818181817,11,1,35.0,0.6153373428582058
2320.0,5,12.0,0.631578947368421,6.3151735894760055,19,89.0,4.684210526315789,0.0,0.0,3,34.0,0.0,5.420588976410316,3.4,3.4,10,3,34.0,0.3599175055180347
2328.0,7,55.0,2.75,5.137222658044833,20,88.0,4.4,0.0,0.0,7,80.0,46.0,3.971598955041258,5.714285714285714,5.714285714285714,14,7,80.0,0.2831444061229403
2336.0,8,37.0,1.608695652173913,5.1295588707279975,23,156.0,6.782608695652174,68.0,2.9565217391304346,5,55.0,0.0,5.587227197967023,3.4375,3.4375,16,5,55.0,0.3715951013273357
2344.0,7,44.0,1.76,5.8508216345107735,25,146.0,5.84,0.0,0.0,6,70.0,15.0,5.051495733411239,4.117647058823529,4.117647058823529,17,6,70.0,0.3410074718449955
2352.0,8,51.0,1.8214285714285716,4.285012037315084,28,161.0,5.75,15.0,0.5357142857142857,8,92.0,22.0,2.707399696643676,4.181818181818182,4.181818181818182,22,8,92.0,0.1897090552225802
2360.0,13,82.0,2.5625,4.058375105224375,32,192.0,6.0,31.0,0.96875,13,130.0,38.0,2.6453848976700964,5.0,5.0,26,13,130.0,0.1843071260137918
2368.0,9,27.0,0.8709677419354839,4.768259506504374,31,208.0,6.709677419354839,16.0,0.5161290322580645,8,110.0,0.0,3.953951551981784,5.0,5.0,22,8,110.0,0.2753933799629322
2376.0,9,73.0,2.703703703703704,4.247196375010061,27,192.0,7.111111111111111,0.0,0.0,9,161.0,51.0,3.7656278957513303,7.0,7.0,23,9,161.0,0.2594751547294023
2384.0,10,58.0,1.9333333333333331,5.36007624049074,30,249.0,8.3,57.0,1.9,10,161.0,0.0,4.47174941637802,6.708333333333333,6.708333333333333,24,10,161.0,0.3012836402193109
2392.0,9,65.0,2.03125,5.143750950760177,32,250.0,7.8125,1.0,0.03125,9,162.0,1.0,4.17437217185498,6.0,6.0,27,9,162.0,0.2789098336822818
2400.0,15,61.0,1.605263157894737,5.046500979580219,38,287.0,7.552631578947368,37.0,0.9736842105263158,15,219.0,57.0,4.283119589888455,7.551724137931035,7.551724137931035,29,15,219.0,0.271185538343227
2408.0,11,75.0,1.829268292682927,5.541011257717822,41,385.0,9.390243902439025,98.0,2.3902439024390243,11,238.0,19.0,4.69741245667589,7.933333333333334,7.933333333333334,30,11,238.0,0.3074230507135231
2416.0,8,24.0,0.6,5.11464637852478,40,403.0,10.075,18.0,0.45,8,257.0,19.0,3.422830197461959,9.51851851851852,9.51851851851852,27,8,257.0,0.2141747075193493
2424.0,17,99.0,2.675675675675676,5.73465014348085,37,387.0,10.45945945945946,0.0,0.0,15,327.0,70.0,2.70378820513461,14.217391304347826,14.217391304347826,23,15,327.0,0.1673190241122508
2432.0,14,146.0,4.171428571428572,3.120599180096676,35,492.0,14.057142857142855,105.0,3.0,14,362.0,35.0,2.66116756989225,12.482758620689657,12.482758620689657,29,14,362.0,0.1578299208571905
2440.0,11,41.0,1.0,4.616115991377695,41,587.0,14.317073170731708,95.0,2.317073170731707,10,279.0,0.0,3.338342222975523,9.620689655172416,9.620689655172416,29,10,279.0,0.2233401253705702
2448.0,14,106.0,2.409090909090909,5.520197639904198,44,533.0,12.113636363636363,0.0,0.0,13,315.0,36.0,3.6341012402770327,10.5,10.5,30,13,315.0,0.2554076304589939
2456.0,19,213.0,4.733333333333333,5.215546997989032,45,618.0,13.733333333333333,85.0,1.8888888888888888,16,417.0,102.0,3.849436407281076,13.03125,13.03125,32,16,417.0,0.273597705568138
2464.0,20,251.0,4.921568627450981,4.27727361041693,51,706.0,13.84313725490196,88.0,1.7254901960784317,18,496.0,79.0,2.821192781558152,13.052631578947368,13.052631578947368,38,18,496.0,0.1999971298776809
2472.0,21,363.0,7.408163265306122,3.7359163110292,49,768.0,15.673469387755102,62.0,1.2653061224489797,19,560.0,64.0,3.055408893654953,14.35897435897436,14.35897435897436,39,19,560.0,0.212120768698297
2480.0,19,87.0,1.6415094339622642,3.599029672002408,53,937.0,17.67924528301887,169.0,3.188679245283019,16,497.0,0.0,2.132115500216438,14.2,14.2,35,16,497.0,0.1371680924992721
2488.0,25,89.0,1.7450980392156863,3.0863370597578035,51,793.0,15.549019607843135,0.0,0.0,23,532.0,35.0,1.5677093654810663,15.647058823529411,15.647058823529411,34,23,532.0,0.1125227802150984
2496.0,37,303.0,6.446808510638298,2.5482380185487643,47,988.0,21.02127659574468,195.0,4.148936170212766,30,749.0,217.0,1.3335677650319504,22.029411764705884,22.029411764705884,34,30,749.0,0.1072915550215552
2504.0,22,227.0,4.829787234042553,3.7876884350564897,47,1207.0,25.680851063829788,219.0,4.659574468085107,16,643.0,0.0,2.411340822614958,21.433333333333334,21.433333333333334,30,16,643.0,0.1721880000782469
2512.0,22,270.0,6.428571428571429,3.6571445570549614,42,1071.0,25.5,0.0,0.0,18,728.0,85.0,2.9642591321597767,24.266666666666666,24.266666666666666,30,18,728.0,0.2212293590754381
2520.0,17,255.0,5.930232558139535,4.157251512851956,43,1198.0,27.86046511627907,127.0,2.953488372093023,17,802.0,74.0,2.6074962885402257,26.73333333333333,26.73333333333333,30,17,802.0,0.195629205224022
2528.0,23,377.0,9.195121951219512,3.80309931750889,41,1299.0,31.682926829268293,101.0,2.463414634146341,20,812.0,10.0,2.2393762213098016,28.0,28.0,29,20,812.0,0.1669294182087105
2536.0,19,145.0,3.372093023255814,5.033833393649165,43,1407.0,32.72093023255814,108.0,2.511627906976744,16,611.0,0.0,3.0571319797829184,22.62962962962963,22.62962962962963,27,16,611.0,0.21058443586221
2544.0,16,196.0,5.444444444444445,4.221806776080538,36,1079.0,29.97222222222222,0.0,0.0,16,719.0,108.0,3.04523110061512,24.79310344827586,24.79310344827586,29,16,719.0,0.2038582495824655
2552.0,11,201.0,5.4324324324324325,5.592562502039373,37,1168.0,31.56756756756757,89.0,2.4054054054054053,11,720.0,1.0,4.023057862800712,27.692307692307693,27.692307692307693,26,11,720.0,0.2888430144691046
2560.0,17,226.0,6.108108108108108,6.261482154692085,37,1263.0,34.13513513513514,95.0,2.5675675675675675,15,753.0,33.0,3.93763467914886,28.96153846153846,28.96153846153846,26,15,753.0,0.287807333062538
2568.0,9,124.0,3.647058823529412,6.303689518081722,34,1278.0,37.588235294117645,15.0,0.4411764705882353,9,694.0,0.0,4.670324293697562,25.703703703703702,25.703703703703702,27,9,694.0,0.3439735332047416
2576.0,9,148.0,4.484848484848484,5.729108280990643,33,1087.0,32.93939393939394,0.0,0.0,9,638.0,0.0,5.168537397083998,24.53846153846154,24.53846153846154,26,9,638.0,0.3800390920938929
2584.0,7,49.0,1.53125,6.129411822855243,32,1130.0,35.3125,43.0,1.34375,7,559.0,0.0,5.11372771627536,21.5,21.5,26,7,559.0,0.3667370203677408
2592.0,7,64.0,1.8285714285714283,6.82496052248563,35,1011.0,28.88571428571429,0.0,0.0,6,358.0,0.0,5.669420792056421,14.916666666666666,14.916666666666666,24,6,358.0,0.4176967210915974
2600.0,7,13.0,0.3823529411764705,6.17546092768154,34,930.0,27.352941176470587,0.0,0.0,7,256.0,0.0,5.300894127909313,9.846153846153848,9.846153846153848,26,7,256.0,0.3727753285155302
2608.0,6,30.0,0.8571428571428571,7.056532288955844,35,756.0,21.6,0.0,0.0,5,188.0,0.0,6.1307585478455735,7.833333333333333,7.833333333333333,24,5,188.0,0.4320118440358655
2616.0,7,23.0,0.71875,6.226636703600394,32,639.0,19.96875,0.0,0.0,7,212.0,24.0,5.3055523810672245,8.153846153846153,8.153846153846153,26,7,212.0,0.3742035417818956
2624.0,7,50.0,1.5151515151515151,6.122472965663408,33,471.0,14.272727272727272,0.0,0.0,7,148.0,0.0,5.699453541533242,5.285714285714286,5.285714285714286,28,7,148.0,0.3923841466056366
2632.0,7,43.0,1.2285714285714286,6.269446430047631,35,354.0,10.114285714285714,0.0,0.0,6,82.0,0.0,5.690685698831207,3.1538461538461537,3.1538461538461537,26,6,82.0,0.3984334885880741
2640.0,10,96.0,2.909090909090909,6.653670387787608,33,279.0,8.454545454545455,0.0,0.0,8,96.0,14.0,5.498942285582728,3.84,3.84,25,8,96.0,0.4102076099735905
2648.0,7,33.0,1.03125,6.626668433360652,32,316.0,9.875,37.0,1.15625,7,87.0,0.0,6.250206242092319,3.3461538461538463,3.3461538461538463,26,7,87.0,0.4456251572331963
2656.0,12,72.0,2.1818181818181817,7.293587246620793,33,152.0,4.606060606060606,0.0,0.0,11,90.0,3.0,5.477656993252752,3.6,3.6,25,11,90.0,0.383863081542618
2664.0,13,147.0,4.741935483870968,5.535718057034396,31,190.0,6.129032258064516,38.0,1.2258064516129032,13,149.0,59.0,5.206554704576013,5.137931034482759,5.137931034482759,29,13,149.0,0.3676650913941812
2672.0,9,48.0,1.3714285714285714,5.932675566672858,35,247.0,7.057142857142857,57.0,1.6285714285714286,9,121.0,0.0,5.200773642317314,4.321428571428571,4.321428571428571,28,9,121.0,0.3734189969347237
2680.0,7,83.0,2.305555555555556,8.469549924588021,36,197.0,5.472222222222222,0.0,0.0,7,93.0,0.0,6.431541664823087,3.875,3.875,24,7,93.0,0.4634980788693216
2688.0,4,4.0,0.1212121212121212,7.102544175463941,33,148.0,4.484848484848484,0.0,0.0,3,42.0,0.0,6.857752994561204,1.68,1.68,25,3,42.0,0.4596428554049542
2696.0,5,16.0,0.4848484848484848,7.784807667783301,33,95.0,2.878787878787879,0.0,0.0,5,46.0,4.0,6.543964437245934,2.0,2.0,23,5,46.0,0.4618205797867843
2704.0,7,42.0,1.3548387096774193,8.3788569333972,31,100.0,3.225806451612903,5.0,0.1612903225806451,7,64.0,18.0,7.287332575974042,3.0476190476190474,3.0476190476190474,21,7,64.0,0.5052372734137124
2712.0,9,77.0,2.75,6.823214530449818,28,130.0,4.642857142857143,30.0,1.0714285714285714,9,102.0,38.0,5.640046681145897,4.636363636363637,4.636363636363637,22,9,102.0,0.4020182066490303
2720.0,4,35.0,1.1666666666666667,8.946322243429188,30,151.0,5.033333333333333,21.0,0.7,4,90.0,0.0,7.370101949339685,4.285714285714286,4.285714285714286,21,4,90.0,0.518549465154546
2728.0,6,17.0,0.6296296296296297,7.150501444825119,27,113.0,4.185185185185185,0.0,0.0,6,73.0,0.0,5.768519608278039,3.4761904761904763,3.4761904761904763,21,6,73.0,0.3880425354287263
2736.0,11,90.0,3.9130434782608696,6.457414064144716,23,146.0,6.3478260869565215,33.0,1.434782608695652,11,146.0,73.0,5.47309327535974,6.9523809523809526,6.9523809523809526,21,11,146.0,0.3540690561377352
2744.0,11,113.0,5.136363636363637,4.021757241342827,22,234.0,10.636363636363637,88.0,4.0,11,205.0,59.0,3.5639926541096827,10.25,10.25,20,11,205.0,0.2573052224304833
2752.0,3,28.0,1.2173913043478262,5.265625219773766,23,256.0,11.130434782608695,22.0,0.9565217391304348,3,147.0,0.0,4.675557182892162,7.736842105263157,7.736842105263157,19,3,147.0,0.334681136020158
2760.0,1,19.0,0.8260869565217391,10.480657442882086,23,186.0,8.08695652173913,0.0,0.0,1,26.0,0.0,8.882984386842635,1.7333333333333334,1.7333333333333334,15,1,26.0,0.6234427661461699
2768.0,3,11.0,0.7333333333333333,8.365263872874936,15,37.0,2.466666666666667,0.0,0.0,3,15.0,0.0,8.228156285528577,1.1538461538461535,1.1538461538461535,13,3,15.0,0.5691203168311829
2776.0,0,0.0,0.0,8.24669936597965,13,31.0,2.3846153846153846,0.0,0.0,0,5.0,0.0,8.407923957511118,0.5555555555555556,0.5555555555555556,9,0,5.0,0.5890145363687113
2784.0,4,16.0,1.7777777777777777,5.62219398030531,9,21.0,2.333333333333333,0.0,0.0,4,21.0,16.0,5.62219398030531,2.333333333333333,2.333333333333333,9,4,21.0,0.3811441545257772
2792.0,9,61.0,5.083333333333333,1.7892284763815824,12,66.0,5.5,45.0,3.75,9,66.0,45.0,1.789228476381582,5.5,5.5,12,9,66.0,0.1151296958869501
2800.0,6,48.0,3.2,4.137939755977198,15,124.0,8.266666666666667,58.0,3.8666666666666663,6,86.0,20.0,3.661117607995974,6.615384615384615,6.615384615384615,13,6,86.0,0.2649989390840478
2808.0,4,40.0,2.6666666666666665,5.562683248919031,15,114.0,7.6,0.0,0.0,4,109.0,23.0,5.338591542168353,7.785714285714286,7.785714285714286,14,4,109.0,0.3904780517751766
2816.0,1,5.0,0.2941176470588235,8.572576211338708,17,140.0,8.235294117647058,26.0,1.5294117647058822,1,65.0,0.0,8.398519631969473,4.642857142857143,4.642857142857143,14,1,65.0,0.6067280062078939
2824.0,3,12.0,0.8,6.828600827291827,15,77.0,5.133333333333334,0.0,0.0,3,77.0,12.0,6.828600827291827,5.133333333333334,5.133333333333334,15,3,77.0,0.5013501245122352
2832.0,5,13.0,0.7222222222222222,4.750574024764205,18,114.0,6.333333333333333,37.0,2.055555555555556,5,64.0,0.0,4.328531664652442,4.0,4.0,16,5,64.0,0.3112102100102207
2840.0,1,1.0,0.0476190476190476,7.54045888952828,21,83.0,3.952380952380953,0.0,0.0,1,28.0,0.0,5.931427181261737,1.6470588235294117,1.6470588235294117,17,1,28.0,0.4108244765587962
2848.0,4,10.0,0.4347826086956521,8.68109713489439,23,33.0,1.434782608695652,0.0,0.0,4,14.0,0.0,7.088745085018722,0.7368421052631579,0.7368421052631579,19,4,14.0,0.483591405354187
2856.0,10,50.0,1.9230769230769231,5.220968618666158,26,54.0,2.076923076923077,21.0,0.8076923076923077,10,54.0,40.0,5.220968618666159,2.076923076923077,2.076923076923077,26,10,54.0,0.3588371967525661
2864.0,5,32.0,1.032258064516129,6.635484526441206,31,113.0,3.645161290322581,59.0,1.903225806451613,5,61.0,7.0,6.346058993571442,2.259259259259259,2.259259259259259,27,5,61.0,0.4359702222527661
2872.0,14,100.0,3.0303030303030303,4.113169677921142,33,129.0,3.909090909090909,16.0,0.4848484848484848,14,129.0,68.0,4.1131696779211415,3.909090909090909,3.909090909090909,33,14,129.0,0.2819656463120316
2880.0,18,145.0,3.625,4.1680945101846,40,268.0,6.7,139.0,3.475,18,221.0,92.0,3.709711236999511,6.138888888888889,6.138888888888889,36,18,221.0,0.2544275036014214
2888.0,11,52.0,1.238095238095238,4.874072255699829,42,340.0,8.095238095238095,72.0,1.7142857142857142,11,251.0,30.0,4.624968362981237,6.605263157894737,6.605263157894737,38,11,251.0,0.3046474206837574
2896.0,11,73.0,1.6222222222222222,6.5227369811274,45,334.0,7.4222222222222225,0.0,0.0,11,213.0,0.0,5.160389451129091,5.916666666666667,5.916666666666667,36,11,213.0,0.3443043801687532
2904.0,20,190.0,4.130434782608695,6.737772296240621,46,372.0,8.08695652173913,38.0,0.8260869565217391,20,311.0,98.0,4.2910988991400085,8.885714285714286,8.885714285714286,35,20,311.0,0.2942214614448938
2912.0,23,353.0,7.844444444444444,5.022197106199943,45,536.0,11.911111111111111,164.0,3.644444444444445,23,475.0,164.0,3.2449078941636085,12.83783783783784,12.83783783783784,37,23,475.0,0.2310361557097089
2920.0,30,570.0,12.127659574468083,3.639095063725198,47,725.0,15.425531914893616,189.0,4.0212765957446805,30,692.0,217.0,2.510503972983911,16.476190476190474,16.476190476190474,42,30,692.0,0.1766861099011741
2928.0,30,731.0,15.229166666666666,2.688923377873794,48,932.0,19.416666666666668,207.0,4.3125,30,892.0,200.0,2.2929605546962257,20.272727272727277,20.272727272727277,44,30,892.0,0.1690869422302845
2936.0,24,524.0,10.27450980392157,3.686051292861072,51,1106.0,21.686274509803923,174.0,3.411764705882353,23,846.0,0.0,3.0828118966096185,19.67441860465116,19.67441860465116,43,23,846.0,0.2098386120640572
2944.0,18,166.0,3.2549019607843137,4.771936286454112,51,1058.0,20.745098039215687,0.0,0.0,18,742.0,0.0,3.5107892251910444,17.25581395348837,17.25581395348837,43,18,742.0,0.2505702618586299
2952.0,11,52.0,1.1063829787234043,5.16187799526823,47,794.0,16.893617021276597,0.0,0.0,10,494.0,0.0,3.972148776727114,12.666666666666666,12.666666666666666,39,10,494.0,0.2753484332879435
2960.0,11,108.0,2.511627906976744,5.196520948187082,43,574.0,13.348837209302326,0.0,0.0,11,413.0,0.0,3.553906950080909,11.16216216216216,11.16216216216216,37,11,413.0,0.2492716197385955
2968.0,16,95.0,2.261904761904762,3.281507291130745,42,524.0,12.476190476190476,0.0,0.0,16,447.0,34.0,2.679054303242269,11.763157894736842,11.763157894736842,38,16,447.0,0.1750571272110668
2976.0,14,62.0,1.4090909090909092,3.8130032562714047,44,617.0,14.022727272727272,93.0,2.113636363636364,14,419.0,0.0,2.640254682489541,11.324324324324325,11.324324324324325,37,14,419.0,0.1632184841205414
2984.0,11,77.0,1.925,6.217994313756457,40,551.0,13.775,0.0,0.0,11,316.0,0.0,4.078849450227276,10.533333333333331,10.533333333333331,30,11,316.0,0.2851872292762124
2992.0,10,70.0,2.0588235294117645,4.458887642215719,34,436.0,12.823529411764708,0.0,0.0,10,332.0,16.0,3.3998310914650087,11.448275862068966,11.448275862068966,29,10,332.0,0.2407289359751214
3000.0,15,103.0,2.710526315789474,5.327418632578398,38,513.0,13.5,77.0,2.026315789473684,15,334.0,2.0,3.592292934915306,10.774193548387096,10.774193548387096,31,15,334.0,0.2578440993066652
3008.0,8,61.0,1.4523809523809523,6.687419760150313,42,611.0,14.547619047619047,98.0,2.333333333333333,8,281.0,0.0,4.27138192535573,10.035714285714286,10.035714285714286,28,8,281.0,0.2931744057264175
3016.0,8,45.0,1.0227272727272727,7.542533279633187,44,522.0,11.863636363636363,0.0,0.0,6,209.0,0.0,4.590764708385412,8.708333333333334,8.708333333333334,24,6,209.0,0.3167113482807674
3024.0,15,141.0,3.615384615384616,7.075035584603682,39,388.0,9.948717948717947,0.0,0.0,13,272.0,63.0,4.770323819141573,11.333333333333334,11.333333333333334,24,13,272.0,0.3095106858214368
3032.0,5,14.0,0.3684210526315789,7.136262128540475,38,446.0,11.736842105263158,58.0,1.5263157894736843,4,246.0,0.0,3.878232707942283,13.666666666666666,13.666666666666666,18,4,246.0,0.2424215262730537
3040.0,6,20.0,0.6060606060606061,6.838224410445271,33,441.0,13.363636363636363,0.0,0.0,5,207.0,0.0,4.100024066415357,11.5,11.5,18,5,207.0,0.2885310279251044
3048.0,5,7.0,0.2258064516129032,7.215059252462322,31,407.0,13.129032258064516,0.0,0.0,5,140.0,0.0,4.03994282701345,7.777777777777778,7.777777777777778,18,5,140.0,0.3113709136418404
3056.0,1,6.0,0.2222222222222222,8.563223087431998,27,360.0,13.333333333333334,0.0,0.0,1,79.0,0.0,7.038701083924009,5.642857142857143,5.642857142857143,14,1,79.0,0.5392811528155244
3064.0,5,31.0,1.148148148148148,9.173510525282232,27,281.0,10.407407407407408,0.0,0.0,3,63.0,0.0,7.13324166074128,4.2,4.2,15,3,63.0,0.5466492603825948
3072.0,1,2.0,0.0833333333333333,9.34871126235122,24,183.0,7.625,0.0,0.0,1,2.0,0.0,8.011225726836706,0.1428571428571428,0.1428571428571428,14,1,2.0,0.608935969364363
3080.0,7,38.0,1.5833333333333333,7.034029818040295,24,94.0,3.9166666666666665,0.0,0.0,7,38.0,36.0,5.529085492230311,2.0,2.0,19,7,38.0,0.4078091942618608
3088.0,10,108.0,4.5,6.282154746629824,24,156.0,6.5,62.0,2.583333333333333,10,108.0,70.0,5.253695744276916,5.142857142857143,5.142857142857143,21,10,108.0,0.3668437359285404
3096.0,8,74.0,2.8461538461538463,5.213402335560856,26,224.0,8.615384615384615,68.0,2.6153846153846154,8,122.0,14.0,4.549911921058713,5.545454545454546,5.545454545454546,22,8,122.0,0.2970741365032958
3104.0,6,19.0,0.6785714285714286,6.5062982473117765,28,219.0,7.821428571428571,0.0,0.0,5,34.0,0.0,4.656264108434609,1.8888888888888888,1.8888888888888888,18,5,34.0,0.3038925878850715
3112.0,11,84.0,2.896551724137931,5.734120791997773,29,204.0,7.0344827586206895,0.0,0.0,8,70.0,36.0,2.814506796968561,4.375,4.375,16,8,70.0,0.1654756238516648
3120.0,16,177.0,5.709677419354839,4.992029593239933,31,294.0,9.483870967741936,90.0,2.903225806451613,14,152.0,82.0,1.617656676767405,8.0,8.0,19,14,152.0,0.0920735888931808
3128.0,9,46.0,1.3529411764705883,5.431274538601151,34,371.0,10.911764705882351,77.0,2.264705882352941,8,161.0,9.0,1.802846580100643,8.05,8.05,20,8,161.0,0.1030767405505272
3136.0,8,33.0,0.9705882352941176,4.263962672298779,34,290.0,8.529411764705882,0.0,0.0,8,192.0,31.0,0.8409884597979627,9.6,9.6,20,8,192.0,0.0500291565742847
3144.0,6,27.0,0.84375,6.903973079712259,32,314.0,9.8125,24.0,0.75,6,150.0,0.0,2.666551256076144,8.333333333333334,8.333333333333334,18,6,150.0,0.163855811656481
3152.0,8,39.0,1.4444444444444444,6.620790221466873,27,268.0,9.925925925925926,0.0,0.0,7,110.0,0.0,2.3793035580598967,7.333333333333333,7.333333333333333,15,7,110.0,0.1277906545577416
3160.0,3,7.0,0.25,7.282559429284581,28,263.0,9.392857142857142,0.0,0.0,3,93.0,0.0,3.3027175862902265,6.2,6.2,15,3,93.0,0.1969954594834578
3168.0,6,22.0,0.7857142857142857,7.719233273733657,28,300.0,10.714285714285714,37.0,1.3214285714285714,6,93.0,0.0,2.689458480541808,6.642857142857143,6.642857142857143,14,6,93.0,0.1635457433149355
3176.0,3,10.0,0.3846153846153846,6.202794714651451,26,233.0,8.961538461538462,0.0,0.0,3,97.0,4.0,1.9788417285149345,6.928571428571429,6.928571428571429,14,3,97.0,0.1327568150135727
3184.0,9,34.0,1.2592592592592593,6.362870236645073,27,263.0,9.74074074074074,30.0,1.1111111111111112,9,102.0,5.0,2.1885631877379854,6.8,6.8,15,9,102.0,0.1385799692678174
3192.0,6,28.0,1.0,6.83688991659479,28,281.0,10.035714285714286,18.0,0.6428571428571429,6,111.0,9.0,2.0884371191380944,7.928571428571429,7.928571428571429,14,6,111.0,0.1438340437541196
3200.0,6,23.0,0.8518518518518519,6.621365833834231,27,261.0,9.666666666666666,0.0,0.0,6,85.0,0.0,1.839558954387846,6.071428571428571,6.071428571428571,14,6,85.0,0.1324914775389054
3208.0,5,11.0,0.4074074074074074,6.274263006520362,27,255.0,9.444444444444445,0.0,0.0,5,88.0,3.0,2.4394781433842505,5.866666666666666,5.866666666666666,15,5,88.0,0.172838282689996
3216.0,11,61.0,2.033333333333333,6.035534161650099,30,244.0,8.133333333333333,0.0,0.0,11,138.0,50.0,3.0078536372171225,6.571428571428571,6.571428571428571,21,11,138.0,0.1803398570213703
3224.0,9,83.0,2.7666666666666666,5.127347816115719,30,315.0,10.5,71.0,2.3666666666666667,9,175.0,37.0,1.704764720369207,9.210526315789474,9.210526315789474,19,9,175.0,0.1197174773750875
3232.0,13,143.0,4.766666666666667,3.9504710646520778,30,313.0,10.433333333333334,0.0,0.0,13,247.0,72.0,1.528573039648937,10.73913043478261,10.73913043478261,23,13,247.0,0.0997588287052057
3240.0,12,193.0,5.848484848484849,4.932954745009547,33,429.0,13.0,116.0,3.515151515151515,12,308.0,61.0,1.5565119806910517,15.4,15.4,20,12,308.0,0.101631124980435
3248.0,9,243.0,6.75,7.313193927139038,36,467.0,12.97222222222222,38.0,1.0555555555555556,9,302.0,0.0,3.226650720771085,16.77777777777778,16.77777777777778,18,9,302.0,0.1950649485623982
3256.0,5,13.0,0.3421052631578947,7.646966014669178,38,495.0,13.026315789473683,28.0,0.7368421052631579,5,168.0,0.0,3.2951367365909587,12.0,12.0,14,5,168.0,0.1701263066604594
3264.0,9,54.0,1.5,8.449045964119772,36,454.0,12.61111111111111,0.0,0.0,8,58.0,0.0,1.4542041132272754,5.2727272727272725,5.2727272727272725,11,8,58.0,0.0887808034202659
3272.0,7,75.0,2.419354838709677,8.61609179682404,31,444.0,14.32258064516129,0.0,0.0,7,86.0,28.0,2.3239920354632635,7.166666666666667,7.166666666666667,12,7,86.0,0.1312537203636136
3280.0,5,77.0,3.347826086956522,8.637528189591247,23,338.0,14.695652173913045,0.0,0.0,5,88.0,2.0,0.5505073548945599,14.666666666666666,14.666666666666666,6,5,88.0,0.0396633549054538
3288.0,7,118.0,7.375,5.446640899723747,16,166.0,10.375,0.0,0.0,7,129.0,41.0,2.179908300830744,11.727272727272728,11.727272727272728,11,7,129.0,0.1238926966016932
3296.0,2,2.0,0.125,6.049570671279392,16,160.0,10.0,0.0,0.0,2,39.0,0.0,4.776385020343168,3.5454545454545454,3.5454545454545454,11,2,39.0,0.2786523850799561
3304.0,7,34.0,1.8888888888888888,5.544135571564547,18,177.0,9.833333333333334,17.0,0.9444444444444444,7,71.0,32.0,2.395991914736794,5.916666666666667,5.916666666666667,12,7,71.0,0.1205916642457028
3312.0,5,28.0,1.4,6.2171131978708924,20,177.0,8.85,0.0,0.0,5,38.0,0.0,2.607785528854408,3.4545454545454546,3.4545454545454546,11,5,38.0,0.1281458220828586
3320.0,9,78.0,3.9,6.012614420453181,20,162.0,8.1,0.0,0.0,9,79.0,41.0,1.892923089800876,6.076923076923077,6.076923076923077,13,9,79.0,0.094941623496821
3328.0,4,20.0,1.0,6.875892224841782,20,178.0,8.9,16.0,0.8,4,64.0,0.0,3.1631697834660115,6.4,6.4,10,4,64.0,0.1638445980962333
3336.0,5,14.0,0.7368421052631579,5.215471580116219,19,189.0,9.947368421052632,11.0,0.5789473684210527,5,84.0,20.0,1.7146001214127151,6.461538461538462,6.461538461538462,13,5,84.0,0.0884678770367125
3344.0,11,78.0,3.5454545454545454,3.2779646620044804,22,208.0,9.454545454545457,19.0,0.8636363636363636,11,148.0,64.0,1.1893554705001912,8.222222222222221,8.222222222222221,18,11,148.0,0.0683755793663865
3352.0,10,58.0,2.071428571428572,4.737470360154726,28,296.0,10.571428571428571,88.0,3.142857142857143,9,149.0,1.0,2.0884325672620445,9.3125,9.3125,16,9,149.0,0.1080381900473493
3360.0,4,25.0,0.9615384615384616,7.232728329993161,26,262.0,10.076923076923077,0.0,0.0,3,92.0,0.0,4.517048605053327,7.076923076923077,7.076923076923077,13,3,92.0,0.2386375575906617
3368.0,5,30.0,1.25,7.076475318510489,24,283.0,11.791666666666666,21.0,0.875,5,99.0,7.0,2.350790472262262,7.615384615384615,7.615384615384615,13,5,99.0,0.132107049721441
3376.0,9,64.0,2.4615384615384617,5.749272939997395,26,310.0,11.923076923076923,27.0,1.0384615384615383,9,133.0,34.0,0.8252781491106199,8.866666666666667,8.866666666666667,15,9,133.0,0.0406126313915814
3384.0,7,57.0,2.1923076923076925,5.660347225874157,26,272.0,10.461538461538462,0.0,0.0,7,138.0,5.0,1.4652879624180153,9.2,9.2,15,7,138.0,0.076314534151156
3392.0,8,51.0,2.04,3.856688142483762,25,271.0,10.84,0.0,0.0,8,196.0,58.0,1.7593243753900338,9.8,9.8,20,8,196.0,0.0922599193828533
3400.0,8,68.0,2.6153846153846154,3.7246742995571247,26,336.0,12.923076923076923,65.0,2.5,8,198.0,2.0,1.630321564594214,9.9,9.9,20,8,198.0,0.0891764577464811
3408.0,3,5.0,0.1851851851851851,5.987140210080233,27,350.0,12.962962962962964,14.0,0.5185185185185185,2,79.0,0.0,3.114515121513848,5.642857142857143,5.642857142857143,14,2,79.0,0.160036682243815
3416.0,4,20.0,0.7142857142857143,9.696099797025523,28,270.0,9.642857142857142,0.0,0.0,1,28.0,0.0,7.37239195099178,3.111111111111111,3.111111111111111,9,1,28.0,0.3909210877120259
3424.0,4,44.0,1.5172413793103448,10.06794150454682,29,280.0,9.655172413793103,10.0,0.3448275862068966,2,19.0,0.0,8.765553970329773,2.375,2.375,8,2,19.0,0.5316370188825001
3432.0,5,34.0,1.1724137931034482,9.223552088963787,29,187.0,6.448275862068965,0.0,0.0,5,34.0,15.0,4.4287986081346205,3.090909090909091,3.090909090909091,11,5,34.0,0.2921813285484243
3440.0,5,33.0,1.137931034482759,8.224717871064117,29,157.0,5.413793103448276,0.0,0.0,5,33.0,0.0,4.101988314869848,2.5384615384615383,2.5384615384615383,13,5,33.0,0.2657409542843416
3448.0,8,85.0,3.1481481481481484,6.956162830042736,27,137.0,5.074074074074074,0.0,0.0,8,85.0,52.0,2.745762485232129,5.666666666666667,5.666666666666667,15,8,85.0,0.1537362084076312
3456.0,12,146.0,4.866666666666666,5.209604058685325,30,208.0,6.933333333333334,71.0,2.3666666666666667,12,146.0,61.0,1.9729887675679805,7.3,7.3,20,12,146.0,0.1223669640254807
3464.0,13,238.0,8.5,5.184923524491886,28,254.0,9.071428571428571,46.0,1.6428571428571428,13,242.0,96.0,1.5950241444106468,13.444444444444445,13.444444444444445,18,13,242.0,0.107380790049144
3472.0,7,48.0,1.7777777777777777,5.40224160183404,27,334.0,12.37037037037037,80.0,2.962962962962963,7,165.0,0.0,2.430286264787439,10.3125,10.3125,16,7,165.0,0.1296642818035018
3480.0,3,31.0,1.2916666666666667,9.62706736793586,24,266.0,11.083333333333334,0.0,0.0,2,37.0,0.0,5.628231733542459,4.111111111111111,4.111111111111111,9,2,37.0,0.2811192179015686
3488.0,4,55.0,2.8947368421052637,10.290344060231204,19,127.0,6.684210526315789,0.0,0.0,3,44.0,7.0,4.39297854146765,7.333333333333333,7.333333333333333,6,3,44.0,0.2715749096356502
3496.0,2,3.0,0.2142857142857142,8.946175767029645,14,126.0,9.0,0.0,0.0,2,3.0,0.0,6.378622731752578,0.4285714285714285,0.4285714285714285,7,2,3.0,0.4293414563267449
3504.0,2,8.0,0.4705882352941176,9.972714837634216,17,87.0,5.117647058823529,0.0,0.0,2,8.0,5.0,9.18205725377458,0.8888888888888888,0.8888888888888888,9,2,8.0,0.5910504480347138
3512.0,5,29.0,1.7058823529411764,7.120497651329138,17,89.0,5.235294117647059,2.0,0.1176470588235294,5,29.0,21.0,5.921547946242309,2.071428571428572,2.071428571428572,14,5,29.0,0.3859716031653436
3520.0,8,76.0,4.0,5.528161853666428,19,82.0,4.315789473684211,0.0,0.0,7,76.0,47.0,3.780385885471769,5.428571428571429,5.428571428571429,14,7,76.0,0.2414904525629784
3528.0,1,2.0,0.0952380952380952,6.804502739296313,21,119.0,5.666666666666667,37.0,1.761904761904762,1,26.0,0.0,4.362116454024444,2.363636363636364,2.363636363636364,11,1,26.0,0.2342048400990657
3536.0,3,17.0,0.8947368421052632,9.971339165935715,19,47.0,2.473684210526316,0.0,0.0,2,17.0,0.0,6.255893520436561,2.833333333333333,2.833333333333333,6,2,17.0,0.3268520644454591
3544.0,2,16.0,1.3333333333333333,8.705975697246023,12,54.0,4.5,7.0,0.5833333333333334,2,16.0,0.0,7.34271182130502,2.6666666666666665,2.6666666666666665,6,2,16.0,0.4283377536596511
3552.0,2,15.0,1.5,5.020836216462795,10,42.0,4.2,0.0,0.0,2,15.0,0.0,3.5270564407267457,1.875,1.875,8,2,15.0,0.2324350198959195
3560.0,1,1.0,0.1,7.287011041552548,10,30.0,3.0,0.0,0.0,1,1.0,0.0,6.178037368302358,0.2,0.2,5,1,1.0,0.4316284351799943
3568.0,6,26.0,2.363636363636364,4.096587003840547,11,31.0,2.8181818181818183,1.0,0.0909090909090909,6,26.0,25.0,1.6478455717731295,2.888888888888889,2.888888888888889,9,6,26.0,0.1284434286187399
3576.0,8,80.0,4.705882352941177,4.002505479280924,17,85.0,5.0,54.0,3.176470588235294,8,80.0,54.0,2.5257960242916977,5.333333333333333,5.333333333333333,15,8,80.0,0.1557785673442802
3584.0,13,148.0,6.434782608695652,2.7037648959563985,23,162.0,7.043478260869565,77.0,3.347826086956522,13,148.0,68.0,1.8739815902155268,7.047619047619048,7.047619047619048,21,13,148.0,0.1057752558727703
3592.0,11,70.0,2.9166666666666665,2.520671989955371,24,259.0,10.791666666666666,97.0,4.041666666666667,11,165.0,17.0,1.5229313734491126,8.25,8.25,20,11,165.0,0.0904014009976903
3600.0,7,74.0,3.083333333333333,7.260273779729725,24,303.0,12.625,44.0,1.8333333333333333,7,104.0,0.0,2.28305762736391,8.0,8.0,13,7,104.0,0.1752346854979638
