step,system_total_stopped,system_total_waiting_time,system_mean_waiting_time,system_mean_speed,system_cars_present,system_accumulated_waiting_time (100),system_accumulated_mean_waiting_time (100),system_accumulated_waiting_time (delta),system_accumulated_mean_waiting_time (delta),agents_total_stopped,agents_total_accumulated_waiting_time (100),agents_total_accumulated_waiting_time (delta),agents_mean_speed,agents_mean_waiting_time (100),agents_mean_waiting_time (delta),agents_cars_present,B1_stopped,B1_accumulated_waiting_time,B1_average_speed,B10_stopped,B10_accumulated_waiting_time,B10_average_speed,B11_stopped,B11_accumulated_waiting_time,B11_average_speed,B12_stopped,B12_accumulated_waiting_time,B12_average_speed,B2_stopped,B2_accumulated_waiting_time,B2_average_speed,B3_stopped,B3_accumulated_waiting_time,B3_average_speed,B4_stopped,B4_accumulated_waiting_time,B4_average_speed,B5_stopped,B5_accumulated_waiting_time,B5_average_speed,B6_stopped,B6_accumulated_waiting_time,B6_average_speed,B7_stopped,B7_accumulated_waiting_time,B7_average_speed,B8_stopped,B8_accumulated_waiting_time,B8_average_speed,B9_stopped,B9_accumulated_waiting_time,B9_average_speed
8.0,1,0.0,0.0,7.200012728550936,10,0.0,0.0,0.0,0.0,0,0.0,0.0,11.98811221034266,0.0,0.0,1,0,0.0,1.0,0,0.0,1.0,0,0.0,1.0,0,0.0,1.0,0,0.0,1.0,0,0.0,0.9064962011784687,0,0.0,1.0,0,0.0,1.0,0,0.0,1.0,0,0.0,1.0,0,0.0,1.0,0,0.0,1.0
16.0,4,0.0,0.0,9.619697079683158,27,0.0,0.0,0.0,0.0,1,0.0,0.0,10.818182421202932,0.0,0.0,9,0,0.0,1.0,0,0.0,1.0,0,0.0,0.9289574847706459,0,0.0,0.9783921470852261,0,0.0,0.8053899493907487,0,0.0,0.6777829833574868,0,0.0,0.5808730066872624,1,0.0,0.0,0,0.0,1.0,0,0.0,1.0,0,0.0,1.0,0,0.0,1.0
24.0,4,1.0,0.023255813953488372,10.160768529514298,43,1.0,0.023255813953488372,1.0,0.023255813953488372,1,1.0,1.0,9.909485321106642,0.09090909090909091,0.09090909090909091,11,1,1.0,0.14229989178558183,0,0.0,1.0,0,0.0,0.11107774548396745,0,0.0,1.0,0,0.0,1.0,0,0.0,0.9363366720224754,0,0.0,0.8474967043274669,0,0.0,0.927181910336359,0,0.0,1.0,0,0.0,1.0,0,0.0,1.0,0,0.0,1.0
32.0,4,20.0,0.37037037037037035,11.217374767422395,54,20.0,0.37037037037037035,19.0,0.35185185185185186,3,20.0,19.0,10.719098416162355,1.1764705882352942,1.1764705882352942,17,2,14.0,0.34320658364140955,0,0.0,1.0,1,6.0,0.536729930935941,0,0.0,0.7020295346438971,0,0.0,1.0,0,0.0,0.8461175125948349,0,0.0,0.9377566597890734,0,0.0,0.916464921647718,0,0.0,1.0,0,0.0,1.0,0,0.0,1.0,0,0.0,1.0
40.0,10,21.0,0.2876712328767123,9.614078942368396,73,58.0,0.7945205479452054,38.0,0.5205479452054794,7,28.0,8.0,7.430562815337643,1.12,1.12,25,1,3.0,0.2543028485946237,0,0.0,0.9785468415735958,1,9.0,0.4199420289502223,1,5.0,0.41453736959752796,0,0.0,1.0,2,9.0,0.4950617120110875,2,2.0,0.4717503128555571,0,0.0,0.5710031176035083,0,0.0,1.0,0,0.0,0.9857019004666424,0,0.0,1.0,0,0.0,1.0
48.0,11,52.0,0.5977011494252874,9.3340968335708,87,121.0,1.3908045977011494,63.0,0.7241379310344828,8,62.0,34.0,6.452670881639994,1.878787878787879,1.878787878787879,33,1,9.0,0.120344349972953,0,0.0,0.9643051912550324,3,19.0,0.38774715417234035,1,13.0,0.47939395494551834,0,0.0,1.0,1,10.0,0.3838235576601247,1,10.0,0.47198086254232274,0,0.0,0.44876735644807714,0,0.0,1.0,1,1.0,0.4628376678019042,0,0.0,1.0,0,0.0,1.0
56.0,15,87.0,0.9354838709677419,9.681464342001282,93,214.0,2.3010752688172045,93.0,1.0,14,106.0,44.0,7.356634593141095,2.864864864864865,2.864864864864865,37,4,24.0,0.10357464643104786,0,0.0,0.8848830111154855,4,32.0,0.33646659285234093,2,7.0,0.3923776625601863,0,5.0,0.5498358784514539,2,23.0,0.6357094945316368,0,2.0,0.7734924435564953,0,0.0,0.9280257263052931,0,0.0,1.0,2,13.0,0.4765738765381663,0,0.0,0.012744492239560931,0,0.0,1.0
64.0,29,243.0,2.2710280373831777,8.376298743100442,107,371.0,3.467289719626168,157.0,1.4672897196261683,25,268.0,162.0,5.038084434185415,5.702127659574468,5.702127659574468,47,7,65.0,0.04717912941743592,1,5.0,4.666098514208746e-05,4,56.0,0.3011120893460142,5,39.0,0.12781825050796605,1,10.0,0.14433972839017684,3,41.0,0.48328544443603105,0,0.0,0.758736193130912,0,5.0,0.7904294916621692,0,0.0,1.0,3,39.0,0.3805945705385918,1,8.0,0.0,0,0.0,1.0
72.0,36,474.0,3.95,7.887302421608211,120,625.0,5.208333333333333,254.0,2.1166666666666667,34,505.0,237.0,3.4882277673065087,9.017857142857142,9.017857142857142,56,9,127.0,0.0001422903918025778,1,13.0,0.48786604287221075,5,94.0,0.21670764929398437,4,80.0,0.24483090976221958,2,23.0,0.0,4,66.0,0.19608423202669137,0,0.0,0.6016859275341139,2,13.0,0.436962960051478,0,0.0,1.0,6,73.0,0.0009994116179082053,1,16.0,0.0,0,0.0,1.0
80.0,47,716.0,5.303703703703704,6.993707289684031,135,951.0,7.044444444444444,326.0,2.414814814814815,43,778.0,273.0,3.505163068600518,11.441176470588236,11.441176470588236,68,9,134.0,0.08327080759982272,2,28.0,0.3397729275321624,6,150.0,0.31611647644781404,8,141.0,0.0012833768146958027,3,40.0,0.04196007819107001,5,98.0,0.15556755745057044,1,8.0,0.6235313444996947,2,29.0,0.5156873208151699,0,0.0,0.13770939015636838,6,121.0,0.1416022474481665,1,24.0,0.0,0,5.0,0.224573481529458
88.0,50,777.0,5.145695364238411,6.935974499404851,151,1282.0,8.490066225165563,331.0,2.19205298013245,46,966.0,188.0,4.0401299814288345,11.364705882352942,11.364705882352942,85,6,123.0,0.11676318067628338,2,44.0,0.4777522484476195,3,76.0,0.3283338707691229,9,214.0,0.09540352421217142,6,81.0,0.07992892101506177,4,133.0,0.36743493716503595,2,17.0,0.4930408843878238,3,50.0,0.5335706566708288,1,8.0,0.0,7,171.0,0.00014270869207565732,1,32.0,0.0,2,17.0,0.0
96.0,25,128.0,0.7901234567901234,9.257925899726311,162,1513.0,9.339506172839506,231.0,1.4259259259259258,20,379.0,0.0,6.658860492222958,5.492753623188406,5.492753623188406,69,5,77.0,0.1794212984755705,0,6.0,0.6858254787869731,7,69.0,0.19828182166552574,0,20.0,0.5758794403371471,1,34.0,0.13399456853629005,1,8.0,0.6262132720926653,2,9.0,0.6559925245692572,1,0.0,0.7539517560930882,0,5.0,0.6344295893526299,1,124.0,0.1665339394398535,0,0.0,0.9939258188444107,2,27.0,0.30163885901857485
104.0,30,253.0,1.4709302325581395,9.982106420431201,172,1710.0,9.94186046511628,197.0,1.1453488372093024,29,411.0,32.0,6.138927352370271,5.554054054054054,5.554054054054054,74,6,119.0,0.2528572706887151,0,4.0,0.8962862175336693,11,172.0,0.04777671907944793,2,9.0,4.456144829625222e-05,0,19.0,0.054038984535757915,3,19.0,0.5851001324673191,3,37.0,0.5812584236330683,3,12.0,0.5581270096454615,1,6.0,0.44447186613815165,0,10.0,0.8196605274084323,0,0.0,0.9321830818209466,0,4.0,0.09541598895055484
112.0,47,561.0,3.0994475138121547,9.960538945721952,181,1958.0,10.817679558011049,248.0,1.3701657458563536,47,687.0,276.0,5.061412737876933,8.27710843373494,8.27710843373494,83,10,182.0,0.04244728064728564,0,2.0,0.6752718927273932,14,288.0,0.21131672103093524,3,26.0,0.00015456717168312238,1,10.0,0.4607503670666029,5,39.0,0.3049217907343306,4,54.0,0.39391182908806327,4,43.0,0.5177647784014272,6,41.0,0.23843226968496736,0,0.0,0.9386723425871972,0,0.0,0.9085812457538164,0,2.0,0.956552617930551
120.0,63,997.0,5.275132275132275,8.826865268921475,189,2317.0,12.25925925925926,359.0,1.8994708994708995,61,1111.0,424.0,3.7240539276693982,12.625,12.625,88,13,270.0,0.06709486302471748,0,2.0,0.933874824624255,15,396.0,0.10948366065009882,4,52.0,0.00021582926194157405,2,20.0,0.0013206849131155976,6,87.0,0.4268134562004214,6,94.0,0.22000030582453386,7,92.0,0.5085235116534816,8,98.0,0.1035407262680868,0,0.0,0.998252131638792,0,0.0,1.0,0,0.0,1.0
128.0,67,1304.0,6.455445544554456,7.638842176950657,202,2799.0,13.856435643564357,482.0,2.386138613861386,61,1489.0,378.0,3.756323621447552,14.317307692307692,14.317307692307692,104,12,337.0,0.09906243104317285,0,0.0,0.9566358191456661,11,422.0,0.10675432319344007,5,86.0,0.00035914349991218584,2,36.0,0.1980589212221426,6,135.0,0.3852492118459405,6,142.0,0.23779192160297807,10,155.0,0.2114595681666123,9,169.0,0.2793824054912892,0,0.0,0.9795284740013717,0,0.0,0.9931427451776333,0,7.0,0.9723522317737846
136.0,74,1323.0,6.330143540669856,6.458957841374122,209,3298.0,15.779904306220097,499.0,2.38755980861244,68,1712.0,223.0,3.2832044207788162,14.38655462184874,14.38655462184874,119,14,383.0,6.836167644829769e-05,0,1.0,0.9556210512263259,9,360.0,0.06682848371739701,6,130.0,0.1867146252349246,3,41.0,0.13551543191210064,4,154.0,0.32109605113649703,5,147.0,0.2432711087320857,15,265.0,0.2213988828563384,12,229.0,0.12328572858342905,0,0.0,0.6418945676500579,0,0.0,0.20478861959638567,0,2.0,0.9859193580740157
144.0,67,859.0,3.9768518518518516,6.676225060088029,216,3822.0,17.694444444444443,524.0,2.425925925925926,52,1668.0,0.0,2.764682807015453,15.302752293577981,15.302752293577981,109,9,382.0,0.0996784274867357,1,4.0,0.4010759544233984,2,311.0,0.22353691601003756,3,133.0,0.1814437749594463,0,11.0,0.31455766713285965,4,93.0,0.22186979339970722,2,94.0,0.3177625353444077,13,343.0,0.16157585017067208,12,262.0,0.022489739105682336,4,21.0,0.39221459805438136,2,14.0,0.0,0,0.0,0.3646473088498051
152.0,70,1013.0,4.442982456140351,6.681598870523494,228,4171.0,18.29385964912281,349.0,1.530701754385965,59,1505.0,0.0,2.864064778227903,13.4375,13.4375,112,12,445.0,0.061803793350651746,3,24.0,0.0,3,262.0,0.17314058317002942,3,41.0,0.3308460202167203,2,12.0,0.09541933254432819,4,43.0,0.2367415271833081,1,9.0,0.5708383353607055,10,295.0,0.2694150673667177,12,276.0,0.11576299026433473,4,53.0,0.0958286025392822,2,30.0,0.0,3,15.0,0.16487137997125167
160.0,90,1504.0,6.319327731092437,6.223879295573863,238,4699.0,19.743697478991596,528.0,2.2184873949579833,77,1869.0,364.0,2.870382883495374,14.267175572519085,14.267175572519085,131,15,554.0,0.04282977984415893,3,48.0,0.0,5,261.0,0.16828937476553024,3,42.0,0.0738031267170565,5,44.0,0.16240425948219775,5,81.0,0.386639233373221,0,0.0,0.7017438288053959,8,299.0,0.2818500399676936,16,326.0,0.051118628845723234,7,105.0,0.11723687455101457,2,46.0,0.0,8,63.0,0.03676718405334758
168.0,110,2261.0,8.936758893280633,6.033023305146603,253,5493.0,21.711462450592887,794.0,3.1383399209486167,96,2438.0,569.0,2.6987845639558317,16.58503401360544,16.58503401360544,147,17,687.0,0.0,3,80.0,0.3847570646762434,8,273.0,0.1935998515929903,5,78.0,0.11548279251977238,5,82.0,0.0,7,126.0,0.37616332594489604,5,22.0,0.45429001961433024,8,263.0,0.3417513207502092,18,455.0,0.013245850227632533,8,163.0,0.0002264759073330026,2,72.0,0.020034722760201268,10,137.0,0.07234616460576053
176.0,117,2409.0,9.02247191011236,5.741825934284095,267,6291.0,23.56179775280899,798.0,2.9887640449438204,97,2748.0,310.0,2.910995728133893,18.07894736842105,18.07894736842105,152,6,484.0,0.10992723689337165,3,109.0,0.40756782841920575,5,198.0,0.20778448878902572,6,123.0,0.23376983189571293,6,124.0,0.14096627950329144,6,174.0,0.4908943690310234,8,76.0,0.3212577288380456,13,291.0,0.25475840020673596,21,614.0,6.559849768394111e-05,8,235.0,0.10540003022448262,4,97.0,0.0011529552508140546,11,223.0,0.10187606813034172
184.0,59,688.0,2.4659498207885306,6.661397423845172,279,6898.0,24.724014336917563,607.0,2.175627240143369,48,1802.0,0.0,3.5068323438804403,15.142857142857142,15.142857142857142,119,8,402.0,0.06514500731915471,0,16.0,0.7814826723734304,11,284.0,0.14242945887015207,1,3.0,0.6101468870143772,2,128.0,0.24628237921463492,0,3.0,0.501848439037089,2,31.0,0.49535945572598683,6,129.0,0.25465376883969126,1,315.0,0.15155078804991534,2,124.0,0.11256070166990832,0,33.0,0.2519673500296106,15,334.0,0.0
192.0,82,976.0,3.3771626297577853,8.340444642291253,289,7426.0,25.695501730103807,528.0,1.8269896193771626,68,1743.0,0.0,4.753559339727815,14.525,14.525,120,12,438.0,0.06635449636880522,0,7.0,0.9429666950130366,13,380.0,0.04284449730501803,1,12.0,0.48657080017742177,7,177.0,0.0009360531279062089,6,42.0,0.3846440135503221,4,23.0,0.3781076123420262,8,143.0,0.46381252260084677,0,19.0,0.6813759506076003,0,27.0,0.6292351796717356,0,0.0,1.0,17,475.0,0.026679919207268307
200.0,109,1678.0,5.630872483221476,7.645534589552893,298,8094.0,27.161073825503355,668.0,2.2416107382550337,81,2240.0,497.0,3.750383014877884,18.211382113821138,18.211382113821138,123,16,547.0,0.0738508667990938,0,0.0,0.9312696585939398,13,492.0,0.1395349536864849,2,24.0,0.27974038382755995,6,194.0,0.007729084648772312,7,108.0,0.37613993590348216,4,45.0,0.4539226415602206,9,179.0,0.32166279905842793,5,31.0,0.30452567471154596,0,0.0,0.7964501704374511,0,0.0,1.0,19,620.0,0.0
208.0,100,1681.0,5.547854785478548,7.440443000767827,303,8563.0,28.260726072607262,469.0,1.5478547854785478,75,2388.0,148.0,3.0576913648633086,19.57377049180328,19.57377049180328,122,18,687.0,0.060685999685137645,0,0.0,1.0,15,600.0,0.06393485412640128,2,39.0,0.31560047310635725,5,199.0,0.0881764381514551,10,186.0,0.20301117172218072,6,94.0,0.37035532052668446,11,261.0,0.0727019811165707,8,90.0,0.14966941390452265,0,0.0,0.6335466267149971,0,0.0,1.0,0,232.0,0.42406357675680095
216.0,109,2307.0,7.490259740259741,7.327666838899968,308,9135.0,29.65909090909091,572.0,1.8571428571428572,86,2677.0,289.0,2.662406246434837,22.308333333333334,22.308333333333334,120,19,813.0,0.003555382549074114,0,0.0,1.0,17,628.0,0.1003370136395498,2,55.0,0.16704077365939438,8,164.0,0.04344069886748926,10,258.0,0.15021509727931256,8,157.0,0.330955417395867,12,352.0,0.13854450106635105,10,167.0,0.08835036257166394,0,11.0,0.7162231633298104,0,0.0,0.9752603874098735,0,72.0,0.6050170602822469
224.0,105,2272.0,7.329032258064516,7.364776167618299,310,9399.0,30.31935483870968,264.0,0.8516129032258064,76,3064.0,387.0,3.1026180490487074,23.9375,23.9375,128,19,909.0,0.0583946894208873,0,0.0,1.0,9,698.0,0.15097156526043654,4,83.0,0.17116795302413657,8,207.0,0.0,11,351.0,0.28209948373716826,9,207.0,0.2902789261387752,9,381.0,0.09470258251934406,7,179.0,0.22829391380693723,0,49.0,0.7100606029317317,0,0.0,0.9624236988321719,0,0.0,0.7967697670612566
232.0,94,1831.0,5.887459807073955,7.123855652880177,311,9744.0,31.331189710610932,345.0,1.1093247588424437,71,3028.0,0.0,2.7385335243858133,22.42962962962963,22.42962962962963,135,21,993.0,0.0185059900970666,0,0.0,1.0,10,655.0,0.12150794729912516,4,73.0,0.051006866708711636,2,114.0,0.14369870526397924,12,367.0,0.26419916163244883,7,209.0,0.2698338207895162,3,348.0,0.20050768610143402,7,205.0,0.15089914250634198,3,58.0,0.0004397518674760694,1,4.0,0.7178692126381767,1,2.0,0.629841515018338
240.0,97,1982.0,6.213166144200627,6.790516103947154,319,9937.0,31.150470219435736,193.0,0.6050156739811913,71,2993.0,0.0,3.3271049154367294,20.641379310344828,20.641379310344828,145,21,1142.0,0.03655095801293207,0,1.0,0.9328472465597487,14,658.0,0.14559254700505697,1,22.0,0.5405435164056879,2,83.0,0.335427764237082,9,367.0,0.24297726146309387,3,199.0,0.29212588523097077,1,216.0,0.5222443373797184,15,201.0,0.1268500908242996,3,82.0,0.0,1,12.0,0.4630014244848218,1,10.0,0.0
248.0,130,2730.0,8.297872340425531,6.068907651487086,329,10606.0,32.2370820668693,669.0,2.033434650455927,94,3059.0,66.0,2.822748341265341,19.11875,19.11875,160,24,1321.0,0.01638848354305644,0,1.0,0.029211216111729294,18,682.0,0.2132857211202988,2,25.0,0.246496750291804,4,55.0,0.18089474095419997,10,302.0,0.25224173178094805,3,81.0,0.4312973678160725,2,123.0,0.5233546849793258,22,269.0,0.0004121184811883497,3,106.0,0.0,4,30.0,0.0002600506093186514,2,64.0,0.07114688309294696
256.0,154,3230.0,9.67065868263473,5.226609942366581,334,11471.0,34.34431137724551,865.0,2.589820359281437,107,3493.0,434.0,2.704245566328712,20.54705882352941,20.54705882352941,170,26,1527.0,0.034954900820941305,1,9.0,0.0,13,599.0,0.13744950270136336,4,52.0,0.14979703884087464,4,72.0,0.0,12,269.0,0.214808852660969,6,97.0,0.3898867402065565,6,66.0,0.4302183589829676,25,455.0,0.00028399209738259624,3,174.0,0.24330623821980796,4,62.0,0.3095735066202045,3,111.0,0.5148832022696634
264.0,153,3190.0,9.300291545189504,5.185104374129939,343,12536.0,36.54810495626822,1065.0,3.1049562682215743,112,3616.0,123.0,2.6064985950993225,20.90173410404624,20.90173410404624,173,14,1147.0,0.05112259610220851,1,19.0,0.5586206213303228,13,472.0,0.11532845170841775,6,97.0,0.12060769886484501,5,108.0,8.905826884111669e-06,13,335.0,0.23400241116296777,10,166.0,0.3679579158821994,7,117.0,0.4086542607379097,25,655.0,0.0,3,198.0,0.002392898207596343,6,140.0,0.23224442310786825,9,162.0,0.1520403599946779
272.0,114,1918.0,5.464387464387465,5.091187992644721,351,13516.0,38.50712250712251,980.0,2.792022792022792,81,3258.0,0.0,2.554208062012172,19.987730061349694,19.987730061349694,163,13,1016.0,0.04885085484585404,1,8.0,0.043114447715372685,16,578.0,0.15079724206160358,1,28.0,0.4069970699661628,3,78.0,0.05652496948048123,8,303.0,0.3196599718953959,4,83.0,0.29575502938625153,4,72.0,0.30174210714861033,14,610.0,0.024120007914517308,1,99.0,0.06213390242503856,4,137.0,0.03308242240563152,12,246.0,0.07820912315558455
280.0,96,1266.0,3.478021978021978,7.71525007847497,364,14250.0,39.14835164835165,734.0,2.0164835164835164,60,2621.0,0.0,4.600013884751294,19.131386861313867,19.131386861313867,137,12,997.0,0.14197544022724223,0,0.0,0.9618755417851966,17,695.0,0.048459223161596544,0,0.0,1.0,0,6.0,0.20640504176313051,7,63.0,0.3709941133872429,4,34.0,0.36296255350509055,3,40.0,0.6213781388106734,2,352.0,0.42798011852554935,0,0.0,0.6230759411770048,0,77.0,0.49247979745032194,15,357.0,0.07354580915002558
288.0,130,1901.0,5.069333333333334,8.085173994623535,375,14784.0,39.424,534.0,1.424,85,3115.0,494.0,4.533473893277128,21.783216783216783,21.783216783216783,143,15,1035.0,7.451834034285425e-07,0,1.0,0.7672167441603422,19,821.0,0.10403550409502556,0,0.0,0.5086278152574486,0,9.0,0.2791442431921184,12,134.0,0.37029642366448123,5,59.0,0.4603938362393491,6,70.0,0.599357121645773,7,446.0,0.36833184301036753,0,0.0,0.34988864151471477,0,35.0,0.9517331266484241,21,505.0,0.0007497650618478603
296.0,135,2626.0,6.9655172413793105,7.6158543439327895,377,15018.0,39.83554376657825,234.0,0.6206896551724138,94,3646.0,531.0,3.456436951574821,24.635135135135137,24.635135135135137,148,15,1155.0,0.0,0,0.0,0.48735853926183165,14,879.0,0.0601535713878446,2,7.0,0.4572586379730059,5,34.0,0.1297574540451118,14,236.0,0.16826698650879432,6,105.0,0.3894184277387345,8,155.0,0.5159950000834922,9,398.0,0.3021840784089393,0,0.0,0.290693002229212,0,13.0,0.9689466615643122,21,664.0,0.028019874646690382
304.0,134,2902.0,8.01657458563536,6.742398959199825,362,14632.0,40.41988950276243,0.0,0.0,86,3709.0,63.0,3.4366189472211035,24.726666666666667,24.726666666666667,150,16,1279.0,0.14676210203714102,1,9.0,0.4574881747492123,13,793.0,0.1130600147136236,2,23.0,0.5575631261419652,6,72.0,0.1374159799558919,14,348.0,0.21400796891562712,6,152.0,0.30731652674495996,13,246.0,0.3210039897715708,9,429.0,0.28766752316548383,0,0.0,1.0,0,13.0,0.9834665376341691,6,345.0,0.08633041660732986
312.0,137,2820.0,8.10344827586207,6.025025726551764,348,15038.0,43.21264367816092,406.0,1.1666666666666667,97,4035.0,326.0,2.4091993906165485,25.70063694267516,25.70063694267516,157,20,1329.0,0.034450788451517216,1,16.0,0.45931353341752407,11,796.0,0.1335017617135893,4,45.0,0.020578291853993572,6,116.0,0.08632136200638918,18,506.0,0.08565226841545269,10,353.0,0.18826182843646153,17,324.0,0.13852375027532488,8,405.0,0.12694339714089742,0,38.0,0.60423835353407,0,0.0,0.9977005636464177,2,107.0,0.35455390457018443
320.0,162,3505.0,10.621212121212121,5.593755144037517,330,15347.0,46.50606060606061,309.0,0.9363636363636364,123,4794.0,759.0,1.8278696878788432,29.59259259259259,29.59259259259259,162,26,1515.0,0.00014433829370618623,0,18.0,0.6787847861290879,12,970.0,0.11060219345082509,7,101.0,0.09084144095709752,3,130.0,0.05938512269061548,25,682.0,0.0001388140462323417,15,458.0,0.05840322379560958,21,481.0,0.05872676312446584,11,344.0,0.03504052559381971,1,45.0,0.6269598450373007,0,0.0,0.7744343490427861,2,50.0,0.5981174468721826
328.0,142,3082.0,9.661442006269592,5.836335636970918,319,15877.0,49.77115987460815,530.0,1.6614420062695925,104,4901.0,107.0,1.2465835541389612,33.56849315068493,33.56849315068493,146,26,1723.0,0.0,0,0.0,0.9651693282812766,16,955.0,0.026710987207280244,1,50.0,0.14133601831196238,7,172.0,0.002562247410090612,16,675.0,0.019447938558425217,8,448.0,0.05874647458908111,9,355.0,0.12842986131504575,12,384.0,0.18642767362006987,5,66.0,0.000507019947936352,2,10.0,0.2631811551990694,2,63.0,0.4424975475820604
336.0,143,3517.0,11.308681672025724,5.316349048581907,311,16563.0,53.257234726688104,686.0,2.2057877813504825,107,5284.0,383.0,1.23987240553217,34.99337748344371,34.99337748344371,151,27,1934.0,0.008190310058119798,0,0.0,0.5311365056827573,17,1112.0,0.07895348362592486,1,26.0,0.34392421026800624,8,236.0,0.0013343929585079616,8,663.0,0.10872866355113286,9,347.0,0.03852192788645178,6,246.0,0.2579628532963671,21,515.0,0.051429186704133455,5,106.0,0.0,3,34.0,0.24655583409052384,2,65.0,0.0
344.0,154,4043.0,13.387417218543046,4.377517112185649,302,17052.0,56.4635761589404,489.0,1.619205298013245,119,5715.0,431.0,1.2632860400056454,36.17088607594937,36.17088607594937,158,28,2158.0,0.0,1,6.0,0.2259817092558783,9,867.0,0.13856385024939524,1,34.0,0.13738893748801156,9,308.0,0.0,9,629.0,0.08390436420975692,11,415.0,0.07554542334840034,8,277.0,0.26383946351959875,32,731.0,0.0223049169193253,5,146.0,0.0,4,62.0,8.596310229469503e-06,2,82.0,0.33119423132931974
352.0,188,4737.0,16.112244897959183,3.846716539801414,294,17904.0,60.89795918367347,852.0,2.8979591836734695,127,5959.0,244.0,0.6857650025664513,39.993288590604024,39.993288590604024,149,19,1956.0,0.028759638070745854,1,14.0,0.0,16,918.0,0.06180063773385963,2,48.0,0.0,10,386.0,5.238549399396692e-06,9,558.0,0.08521789449651035,13,516.0,0.09415917694334933,11,237.0,0.0026244864235061686,35,999.0,0.012107074155907012,5,186.0,0.0,4,94.0,0.0,2,47.0,0.0005144227405494246
360.0,195,5196.0,18.36042402826855,3.5479587007726106,283,19023.0,67.21908127208481,1119.0,3.954063604240283,130,6535.0,576.0,0.9623293743556628,42.712418300653596,42.712418300653596,153,16,1740.0,0.05589055351804648,1,22.0,0.0,17,1037.0,0.16106156584285478,2,68.0,0.23971620573096128,10,466.0,0.0,10,586.0,0.0724793353196869,16,637.0,0.03275426817292605,12,329.0,6.359299393195474e-07,36,1285.0,0.026982925305702496,5,226.0,0.0,4,126.0,0.0,1,13.0,0.13311623408752826
368.0,97,2029.0,7.246428571428571,6.8862204789148675,280,19945.0,71.23214285714286,922.0,3.2928571428571427,41,4451.0,0.0,3.0569993256956884,51.75581395348837,51.75581395348837,86,11,1734.0,0.08882989095620948,0,0.0,0.010761324775281286,14,1112.0,0.12079143991617786,0,5.0,0.5585270382443577,7,394.0,0.01998904487051895,5,319.0,0.18865048664071588,0,155.0,0.382867896282078,0,7.0,0.41949182162532245,2,652.0,0.2602797272027298,0,37.0,0.3621638013664377,0,0.0,1.0,2,36.0,0.21563331385474527
376.0,91,2240.0,8.175182481751825,7.818480207042252,274,20520.0,74.8905109489051,575.0,2.0985401459854014,51,4346.0,0.0,3.88811520884019,49.95402298850575,49.95402298850575,87,17,2001.0,0.09924261269651774,1,8.0,0.0,13,1174.0,0.08492551495910236,0,0.0,1.0,7,389.0,0.07295077234409286,5,247.0,0.2758596271662552,0,23.0,0.5076731622135993,0,2.0,0.8842298631986211,4,438.0,0.4280639251764449,0,0.0,1.0,0,0.0,1.0,4,64.0,0.033726741359892044
384.0,89,2435.0,9.365384615384615,7.5732489259402085,260,20081.0,77.23461538461538,0.0,0.0,60,4724.0,378.0,3.7360460107659605,49.208333333333336,49.208333333333336,96,21,2155.0,0.024313986407529162,1,72.0,0.6425218456814066,15,1149.0,1.6401476753627016e-05,0,0.0,0.7347849769105276,7,444.0,0.09249660134912606,5,281.0,0.0,0,6.0,0.6764056168111255,0,0.0,0.664381438812673,5,500.0,0.3908957466724558,0,0.0,0.7214312576720366,0,0.0,1.0,6,117.0,0.21193996540883964
392.0,96,2665.0,11.012396694214877,7.105688089616023,242,18923.0,78.19421487603306,0.0,0.0,67,4899.0,175.0,2.323268042346909,48.029411764705884,48.029411764705884,102,21,2322.0,0.0,1,24.0,0.0,6,1023.0,0.1775754063661274,0,0.0,1.0,7,504.0,0.13943433137047948,5,321.0,0.269248942405174,0,0.0,0.42147441153014775,0,24.0,0.6659377499661309,7,450.0,0.0,0,0.0,0.9736807269776034,0,0.0,1.0,20,231.0,0.07599601268642232
400.0,102,2896.0,12.986547085201794,5.522238017362669,223,18386.0,82.44843049327355,0.0,0.0,80,4847.0,0.0,1.6181768035719102,41.78448275862069,41.78448275862069,116,17,2184.0,0.013008135664481498,1,32.0,0.0,7,838.0,0.17967671096088247,0,0.0,1.0,8,567.0,0.0,6,364.0,0.17431067388647853,2,29.0,0.17837288400694531,1,51.0,0.1973598671728181,3,302.0,0.25843137415406653,0,29.0,0.7574400799754581,0,0.0,1.0,35,451.0,0.006163352449852666
408.0,86,2294.0,11.135922330097088,4.796622484303733,206,17822.0,86.51456310679612,0.0,0.0,62,4586.0,0.0,1.7394448362482247,43.264150943396224,43.264150943396224,106,14,2032.0,0.009209484078546102,0,68.0,0.5431644612846673,8,1012.0,0.15596201647563443,0,0.0,1.0,5,508.0,0.045823667657655005,12,446.0,0.0945302338459521,8,74.0,0.00015116298476841245,6,71.0,0.13128793733566976,8,175.0,0.034728902958906994,1,2.0,0.517002538597637,0,0.0,1.0,0,198.0,0.16589636627052115
416.0,70,1761.0,9.124352331606218,7.065984557727443,193,17448.0,90.4041450777202,0.0,0.0,58,4277.0,0.0,2.4606175580351612,49.160919540229884,49.160919540229884,87,15,2121.0,0.04697804085231484,0,68.0,0.5711810423613353,8,1076.0,0.17526419632095427,0,0.0,1.0,0,168.0,0.48629929900773927,12,370.0,0.11833541942842712,8,138.0,0.0,6,109.0,2.608243724399245e-06,7,158.0,0.0,2,14.0,0.16774867431256696,0,0.0,1.0,0,55.0,0.5083829293114152
424.0,68,1796.0,9.553191489361701,7.201127817397604,188,17587.0,93.54787234042553,139.0,0.7393617021276596,59,4738.0,461.0,2.3786641457134405,55.741176470588236,55.741176470588236,85,15,2241.0,0.0,1,74.0,0.16945840154777705,3,1482.0,0.19519272207488286,1,32.0,0.0026646408232051783,1,10.0,0.0,13,233.0,0.0,8,238.0,0.10006913263604016,6,160.0,0.1335304354471325,7,219.0,0.3063048906358557,4,39.0,0.0009998142714862045,0,0.0,1.0,0,10.0,0.7172094411597604
432.0,85,2389.0,13.05464480874317,6.369192431193149,183,17796.0,97.24590163934427,209.0,1.1420765027322404,74,5178.0,440.0,0.7485821747397129,59.51724137931034,59.51724137931034,87,16,2363.0,7.928395256254219e-06,2,88.0,0.0,7,1425.0,0.04082087639050494,1,40.0,0.0,1,18.0,0.0,13,337.0,0.0,10,314.0,0.16100577135781535,7,213.0,0.0,13,302.0,0.05753123002430981,4,71.0,0.0,0,0.0,1.0,0,7.0,0.7635688820385431
440.0,101,2983.0,16.758426966292134,5.277395687223312,178,18057.0,101.4438202247191,261.0,1.4662921348314606,87,5646.0,468.0,0.0010799805308172048,64.89655172413794,64.89655172413794,87,14,2079.0,0.0,2,104.0,0.0,12,1589.0,8.059359028732815e-05,1,48.0,0.0,1,26.0,0.0,13,441.0,0.0,12,400.0,3.540477699232205e-05,7,269.0,0.0,21,587.0,0.00018628686344272682,4,103.0,0.0,0,0.0,1.0,0,0.0,1.0
448.0,94,2661.0,15.38150289017341,5.043597954709342,173,18387.0,106.28323699421965,330.0,1.907514450867052,77,5729.0,83.0,1.1829764534388447,58.45918367346939,58.45918367346939,98,2,1556.0,0.10335387320048008,2,120.0,0.0,12,1688.0,0.13895231323953947,3,73.0,0.16548318634295286,1,34.0,0.0,13,547.0,0.06755645194598169,12,496.0,0.0,7,325.0,0.0,21,755.0,0.0,4,135.0,0.1478422717889063,0,0.0,1.0,0,0.0,0.19877299538389676
456.0,42,617.0,3.5872093023255816,7.243663524458167,172,18735.0,108.92441860465117,348.0,2.0232558139534884,30,4928.0,0.0,2.7736730676038346,70.4,70.4,70,9,1991.0,0.05323181434019108,0,0.0,1.0,12,1781.0,0.14703706546364462,0,0.0,0.4133352961490008,0,0.0,1.0,1,236.0,0.22720435345641046,0,262.0,0.20339188451546927,0,122.0,0.3082921108662728,2,431.0,0.13667495827162043,1,72.0,0.24706031217438493,0,0.0,1.0,5,33.0,0.20876631297649836
464.0,51,828.0,4.899408284023669,8.634125924222822,169,18683.0,110.55029585798816,0.0,0.0,43,4687.0,0.0,4.494026024927047,63.33783783783784,63.33783783783784,74,16,2219.0,0.1351880022913827,0,0.0,1.0,17,1892.0,0.10682887480499577,0,0.0,1.0,0,0.0,1.0,1,18.0,0.48022439429248664,0,59.0,0.695770856921246,0,2.0,0.8303189812745855,0,367.0,0.5290760069459081,1,42.0,0.6582441261286125,0,0.0,1.0,8,88.0,1.7743962713972246e-06
472.0,60,1045.0,6.741935483870968,7.375105599913044,155,17801.0,114.84516129032258,0.0,0.0,50,4323.0,0.0,2.8001515534493473,60.88732394366197,60.88732394366197,71,16,2341.0,0.0,0,0.0,1.0,22,1741.0,0.021300407009967652,0,0.0,0.4946049845159285,0,2.0,0.9218061474717784,1,21.0,0.3117852949085998,1,14.0,0.32129899610972495,0,0.0,0.7337456394064891,0,0.0,0.9809086019782829,2,45.0,0.0005933178497979131,0,0.0,1.0,8,159.0,0.2617194004684001
480.0,57,1198.0,8.04026845637584,7.354520436630856,149,17664.0,118.5503355704698,0.0,0.0,46,4214.0,0.0,1.81226139452816,65.84375,65.84375,64,16,2469.0,0.04661261881151593,0,0.0,1.0,16,1309.0,0.07563112020272976,0,0.0,1.0,0,0.0,1.0,1,32.0,0.33183184192446674,1,15.0,0.2664984261048022,0,109.0,0.8621652451233489,0,0.0,0.9811655319154549,2,61.0,0.0,0,0.0,1.0,10,219.0,0.02538133094931628
488.0,54,1357.0,10.203007518796992,6.890042558448772,133,16429.0,123.52631578947368,0.0,0.0,50,4209.0,0.0,1.4963353326185633,63.77272727272727,63.77272727272727,66,16,2597.0,0.012253184904391971,0,0.0,1.0,17,1183.0,0.11260565532217381,0,0.0,1.0,0,0.0,1.0,1,37.0,0.2430673592707711,2,24.0,0.2537027697768696,0,0.0,1.0,0,0.0,1.0,2,77.0,0.0,0,0.0,1.0,12,291.0,0.07280643736917265
496.0,62,1704.0,14.2,5.233719202233956,120,15354.0,127.95,0.0,0.0,59,4340.0,131.0,0.8402927458224856,58.648648648648646,58.648648648648646,74,16,2581.0,0.01761082804467769,0,0.0,1.0,18,1230.0,0.11238011957488347,0,0.0,1.0,0,0.0,1.0,4,58.0,0.01235972052738191,5,24.0,0.01089628680051687,0,0.0,1.0,0,0.0,1.0,1,49.0,0.0,0,0.0,1.0,15,398.0,0.05023006914675109
504.0,49,1605.0,15.285714285714286,5.354093139971098,105,14109.0,134.37142857142857,0.0,0.0,45,3861.0,0.0,0.9277761009286241,64.35,64.35,60,17,2568.0,0.0,0,0.0,1.0,18,1006.0,0.03691978191852989,0,0.0,1.0,0,0.0,1.0,7,64.0,1.8626643331770776e-06,3,61.0,0.04940919030859486,0,0.0,1.0,0,0.0,1.0,0,0.0,1.0,0,0.0,1.0,0,162.0,0.3317930569875893
